"STT","CoSo","Khoi","Lop","Thu","Buoi","Tiet","MonHoc","GiaoVien","MaGV"
"1","THCS_DocBinhKieu","10","10CB1","2","Sang","1","Chào cờ","Cao Văn Tùng","Tùng.CV (10CB1)"
"2","THCS_DocBinhKieu","10","10CB1","2","Sang","2","Sinh học","Cao Văn Tùng","Tùng.CV (10CB1)"
"3","THCS_DocBinhKieu","10","10CB1","2","Sang","3","HĐTNHN (Chuyên đề)","Cao Văn Tùng","Tùng.CV (10CB1)"
"4","THCS_DocBinhKieu","10","10CB1","2","Sang","4","Tin học","Lê Thị Thu Diễm","Diễm.LTT (10CB4)"
"5","THCS_DocBinhKieu","10","10CB1","2","Sang","5","Hóa học","Trần Thị Kiều","Kiều.TT (10CB2)"
"6","THCS_DocBinhKieu","10","10CB1","3","Sang","1","Hóa học","Trần Thị Kiều","Kiều.TT (10CB2)"
"7","THCS_DocBinhKieu","10","10CB1","3","Sang","2","Ngữ văn","Trương Thị Mỹ Duyên","Duyên.TTM (12CB2)"
"8","THCS_DocBinhKieu","10","10CB1","3","Sang","3","Lịch sử","Nguyễn Thị Bé Trang","Trang.NTB (12CB4)"
"9","THCS_DocBinhKieu","10","10CB1","3","Sang","4","Tiếng Anh","Võ Thị Hiền Thi","Thi.VTH"
"10","THCS_DocBinhKieu","10","10CB1","3","Sang","5","Tiếng Anh","Võ Thị Hiền Thi","Thi.VTH"
"11","THCS_DocBinhKieu","10","10CB1","4","Sang","1","Ngữ văn","Trương Thị Mỹ Duyên","Duyên.TTM (12CB2)"
"12","THCS_DocBinhKieu","10","10CB1","4","Sang","2","Ngữ văn","Trương Thị Mỹ Duyên","Duyên.TTM (12CB2)"
"13","THCS_DocBinhKieu","10","10CB1","4","Sang","3","Vật lí","Trần Thị Ngọc Hiền","Hiền.TTN"
"14","THCS_DocBinhKieu","10","10CB1","4","Sang","4","Toán học","Võ Thị Ngọc Hương","Hương.VTN (12CB3)"
"15","THCS_DocBinhKieu","10","10CB1","4","Sang","5","Toán học","Võ Thị Ngọc Hương","Hương.VTN (12CB3)"
"16","THCS_DocBinhKieu","10","10CB1","5","Sang","1","Hóa học","Trần Thị Kiều","Kiều.TT (10CB2)"
"17","THCS_DocBinhKieu","10","10CB1","5","Sang","2","Giáo dục thể chất","Lê Ngọc Ẩn","Ẩn.LN (7A4)"
"18","THCS_DocBinhKieu","10","10CB1","5","Sang","3","Giáo dục thể chất","Lê Ngọc Ẩn","Ẩn.LN (7A4)"
"19","THCS_DocBinhKieu","10","10CB1","6","Sang","1","GDQP - AN","Nguyễn Kim Rạng","Rạng.NK"
"20","THCS_DocBinhKieu","10","10CB1","6","Sang","2","Sinh học","Cao Văn Tùng","Tùng.CV (10CB1)"
"21","THCS_DocBinhKieu","10","10CB1","6","Sang","3","Vật lí","Trần Thị Ngọc Hiền","Hiền.TTN"
"22","THCS_DocBinhKieu","10","10CB1","6","Sang","4","Tiếng Anh","Võ Thị Hiền Thi","Thi.VTH"
"23","THCS_DocBinhKieu","10","10CB1","6","Sang","5","Tin học","Lê Thị Thu Diễm","Diễm.LTT (10CB4)"
"24","THCS_DocBinhKieu","10","10CB1","7","Sang","1","Sinh học","Cao Văn Tùng","Tùng.CV (10CB1)"
"25","THCS_DocBinhKieu","10","10CB1","7","Sang","2","HĐTNHN (Chuyên đề)","Cao Văn Tùng","Tùng.CV (10CB1)"
"26","THCS_DocBinhKieu","10","10CB1","7","Sang","3","Toán học","Võ Thị Ngọc Hương","Hương.VTN (12CB3)"
"27","THCS_DocBinhKieu","10","10CB1","7","Sang","4","Toán học","Võ Thị Ngọc Hương","Hương.VTN (12CB3)"
"28","THCS_DocBinhKieu","10","10CB1","7","Sang","5","Sinh hoạt lớp","Cao Văn Tùng","Tùng.CV (10CB1)"
"29","THCS_DocBinhKieu","10","10CB2","2","Sang","1","Chào cờ","Trần Thị Kiều","Kiều.TT (10CB2)"
"30","THCS_DocBinhKieu","10","10CB2","2","Sang","2","Hóa học","Trần Thị Kiều","Kiều.TT (10CB2)"
"31","THCS_DocBinhKieu","10","10CB2","2","Sang","3","Địa lí","Trần Phước Hòa","Hòa.TP"
"32","THCS_DocBinhKieu","10","10CB2","2","Sang","4","Ngữ văn","Hồ Văn Nhịnh","Nhịnh.HV (10CB5)"
"33","THCS_DocBinhKieu","10","10CB2","2","Sang","5","Ngữ văn","Hồ Văn Nhịnh","Nhịnh.HV (10CB5)"
"34","THCS_DocBinhKieu","10","10CB2","3","Sang","1","Tin học","Lê Thị Thu Diễm","Diễm.LTT (10CB4)"
"35","THCS_DocBinhKieu","10","10CB2","3","Sang","2","Hóa học","Trần Thị Kiều","Kiều.TT (10CB2)"
"36","THCS_DocBinhKieu","10","10CB2","3","Sang","3","HĐTNHN (Chuyên đề)","Trần Thị Kiều","Kiều.TT (10CB2)"
"37","THCS_DocBinhKieu","10","10CB2","3","Sang","4","Vật lí","Trần Thị Ngọc Hiền","Hiền.TTN"
"38","THCS_DocBinhKieu","10","10CB2","3","Sang","5","Toán học","Lê Cao Toàn","Toàn.LC"
"39","THCS_DocBinhKieu","10","10CB2","4","Sang","1","Địa lí","Trần Phước Hòa","Hòa.TP"
"40","THCS_DocBinhKieu","10","10CB2","4","Sang","2","Giáo dục thể chất","Lê Ngọc Ẩn","Ẩn.LN (7A4)"
"41","THCS_DocBinhKieu","10","10CB2","4","Sang","3","Giáo dục thể chất","Lê Ngọc Ẩn","Ẩn.LN (7A4)"
"42","THCS_DocBinhKieu","10","10CB2","4","Sang","4","Toán học","Lê Cao Toàn","Toàn.LC"
"43","THCS_DocBinhKieu","10","10CB2","4","Sang","5","Toán học","Lê Cao Toàn","Toàn.LC"
"44","THCS_DocBinhKieu","10","10CB2","5","Sang","1","GDQP - AN","Nguyễn Kim Rạng","Rạng.NK"
"45","THCS_DocBinhKieu","10","10CB2","5","Sang","2","HĐTNHN (Chuyên đề)","Trần Thị Kiều","Kiều.TT (10CB2)"
"46","THCS_DocBinhKieu","10","10CB2","5","Sang","3","Hóa học","Trần Thị Kiều","Kiều.TT (10CB2)"
"47","THCS_DocBinhKieu","10","10CB2","6","Sang","1","Tiếng Anh","Ngô Bảo Quốc","Quốc.NB"
"48","THCS_DocBinhKieu","10","10CB2","6","Sang","2","Vật lí","Trần Thị Ngọc Hiền","Hiền.TTN"
"49","THCS_DocBinhKieu","10","10CB2","6","Sang","3","Lịch sử","Trịnh Văn Sơn","Sơn.TV (12CB5)"
"50","THCS_DocBinhKieu","10","10CB2","6","Sang","4","Tin học","Lê Thị Thu Diễm","Diễm.LTT (10CB4)"
"51","THCS_DocBinhKieu","10","10CB2","6","Sang","5","Toán học","Lê Cao Toàn","Toàn.LC"
"52","THCS_DocBinhKieu","10","10CB2","7","Sang","1","Tiếng Anh","Ngô Bảo Quốc","Quốc.NB"
"53","THCS_DocBinhKieu","10","10CB2","7","Sang","2","Tiếng Anh","Ngô Bảo Quốc","Quốc.NB"
"54","THCS_DocBinhKieu","10","10CB2","7","Sang","3","Ngữ văn","Hồ Văn Nhịnh","Nhịnh.HV (10CB5)"
"55","THCS_DocBinhKieu","10","10CB2","7","Sang","4","Tin học","Lê Thị Thu Diễm","Diễm.LTT (10CB4)"
"56","THCS_DocBinhKieu","10","10CB2","7","Sang","5","Sinh hoạt lớp","Trần Thị Kiều","Kiều.TT (10CB2)"
"57","THCS_DocBinhKieu","10","10CB3","2","Sang","1","Chào cờ","Lê Thị Mỹ Ny","Ny.LTM (10CB3)"
"58","THCS_DocBinhKieu","10","10CB3","2","Sang","2","Tin học","Lê Thị Thu Diễm","Diễm.LTT (10CB4)"
"59","THCS_DocBinhKieu","10","10CB3","2","Sang","3","HĐTNHN (Chuyên đề)","Trần Thị Kiều","Kiều.TT (10CB2)"
"60","THCS_DocBinhKieu","10","10CB3","2","Sang","4","Toán học","Lê Cao Toàn","Toàn.LC"
"61","THCS_DocBinhKieu","10","10CB3","2","Sang","5","Giáo dục KT & PL","Phạm Nguyễn Văn Trường","Trường.PNV"
"62","THCS_DocBinhKieu","10","10CB3","3","Sang","1","Ngữ văn","Lê Thị Mỹ Ny","Ny.LTM (10CB3)"
"63","THCS_DocBinhKieu","10","10CB3","3","Sang","2","Ngữ văn","Lê Thị Mỹ Ny","Ny.LTM (10CB3)"
"64","THCS_DocBinhKieu","10","10CB3","3","Sang","3","Toán học","Lê Cao Toàn","Toàn.LC"
"65","THCS_DocBinhKieu","10","10CB3","3","Sang","4","Toán học","Lê Cao Toàn","Toàn.LC"
"66","THCS_DocBinhKieu","10","10CB3","3","Sang","5","Vật lí","Trần Thị Ngọc Hiền","Hiền.TTN"
"67","THCS_DocBinhKieu","10","10CB3","4","Sang","1","Giáo dục KT & PL","Phạm Nguyễn Văn Trường","Trường.PNV"
"68","THCS_DocBinhKieu","10","10CB3","4","Sang","2","Địa lí","Trần Phước Hòa","Hòa.TP"
"69","THCS_DocBinhKieu","10","10CB3","4","Sang","3","GDQP - AN","Nguyễn Kim Rạng","Rạng.NK"
"70","THCS_DocBinhKieu","10","10CB3","4","Sang","4","Vật lí","Trần Thị Ngọc Hiền","Hiền.TTN"
"71","THCS_DocBinhKieu","10","10CB3","4","Sang","5","Tin học","Lê Thị Thu Diễm","Diễm.LTT (10CB4)"
"72","THCS_DocBinhKieu","10","10CB3","5","Sang","1","Vật lí","Trần Thị Ngọc Hiền","Hiền.TTN"
"73","THCS_DocBinhKieu","10","10CB3","5","Sang","2","Tiếng Anh","Ngô Bảo Quốc","Quốc.NB"
"74","THCS_DocBinhKieu","10","10CB3","5","Sang","3","Tiếng Anh","Ngô Bảo Quốc","Quốc.NB"
"75","THCS_DocBinhKieu","10","10CB3","5","Sang","4","Giáo dục thể chất","Lê Ngọc Ẩn","Ẩn.LN (7A4)"
"76","THCS_DocBinhKieu","10","10CB3","5","Sang","5","Giáo dục thể chất","Lê Ngọc Ẩn","Ẩn.LN (7A4)"
"77","THCS_DocBinhKieu","10","10CB3","6","Sang","1","Lịch sử","Trịnh Văn Sơn","Sơn.TV (12CB5)"
"78","THCS_DocBinhKieu","10","10CB3","6","Sang","2","Ngữ văn","Lê Thị Mỹ Ny","Ny.LTM (10CB3)"
"79","THCS_DocBinhKieu","10","10CB3","6","Sang","3","Toán học","Lê Cao Toàn","Toàn.LC"
"80","THCS_DocBinhKieu","10","10CB3","6","Sang","4","HĐTNHN (Chuyên đề)","Trần Thị Kiều","Kiều.TT (10CB2)"
"81","THCS_DocBinhKieu","10","10CB3","6","Sang","5","Địa lí","Trần Phước Hòa","Hòa.TP"
"82","THCS_DocBinhKieu","10","10CB3","7","Sang","3","Tin học","Lê Thị Thu Diễm","Diễm.LTT (10CB4)"
"83","THCS_DocBinhKieu","10","10CB3","7","Sang","4","Tiếng Anh","Ngô Bảo Quốc","Quốc.NB"
"84","THCS_DocBinhKieu","10","10CB3","7","Sang","5","Sinh hoạt lớp","Lê Thị Mỹ Ny","Ny.LTM (10CB3)"
"85","THCS_DocBinhKieu","10","10CB4","2","Sang","1","Chào cờ","Lê Thị Thu Diễm","Diễm.LTT (10CB4)"
"86","THCS_DocBinhKieu","10","10CB4","2","Sang","2","Toán học","Võ Thị Ngọc Hương","Hương.VTN (12CB3)"
"87","THCS_DocBinhKieu","10","10CB4","2","Sang","3","Giáo dục KT & PL","Phạm Nguyễn Văn Trường","Trường.PNV"
"88","THCS_DocBinhKieu","10","10CB4","2","Sang","4","HĐTNHN (Chuyên đề)","Trần Thị Kiều","Kiều.TT (10CB2)"
"89","THCS_DocBinhKieu","10","10CB4","2","Sang","5","Tin học","Lê Thị Thu Diễm","Diễm.LTT (10CB4)"
"90","THCS_DocBinhKieu","10","10CB4","3","Sang","1","GDQP - AN","Nguyễn Kim Rạng","Rạng.NK"
"91","THCS_DocBinhKieu","10","10CB4","3","Sang","2","Tin học","Lê Thị Thu Diễm","Diễm.LTT (10CB4)"
"92","THCS_DocBinhKieu","10","10CB4","3","Sang","3","Ngữ văn","Trương Thị Mỹ Duyên","Duyên.TTM (12CB2)"
"93","THCS_DocBinhKieu","10","10CB4","3","Sang","4","Lịch sử","Nguyễn Thị Bé Trang","Trang.NTB (12CB4)"
"94","THCS_DocBinhKieu","10","10CB4","3","Sang","5","Giáo dục KT & PL","Phạm Nguyễn Văn Trường","Trường.PNV"
"95","THCS_DocBinhKieu","10","10CB4","4","Sang","1","Tiếng Anh","Nguyễn Thị Vân Anh","Anh.NTV"
"96","THCS_DocBinhKieu","10","10CB4","4","Sang","2","Tiếng Anh","Nguyễn Thị Vân Anh","Anh.NTV"
"97","THCS_DocBinhKieu","10","10CB4","4","Sang","3","Địa lí","Trần Phước Hòa","Hòa.TP"
"98","THCS_DocBinhKieu","10","10CB4","4","Sang","4","Tin học","Lê Thị Thu Diễm","Diễm.LTT (10CB4)"
"99","THCS_DocBinhKieu","10","10CB4","4","Sang","5","Vật lí","Trần Thị Ngọc Hiền","Hiền.TTN"
"100","THCS_DocBinhKieu","10","10CB4","5","Sang","1","Toán học","Võ Thị Ngọc Hương","Hương.VTN (12CB3)"
"101","THCS_DocBinhKieu","10","10CB4","5","Sang","2","Vật lí","Trần Thị Ngọc Hiền","Hiền.TTN"
"102","THCS_DocBinhKieu","10","10CB4","5","Sang","3","Tiếng Anh","Nguyễn Thị Vân Anh","Anh.NTV"
"103","THCS_DocBinhKieu","10","10CB4","6","Sang","1","Ngữ văn","Trương Thị Mỹ Duyên","Duyên.TTM (12CB2)"
"104","THCS_DocBinhKieu","10","10CB4","6","Sang","2","Ngữ văn","Trương Thị Mỹ Duyên","Duyên.TTM (12CB2)"
"105","THCS_DocBinhKieu","10","10CB4","6","Sang","3","Địa lí","Trần Phước Hòa","Hòa.TP"
"106","THCS_DocBinhKieu","10","10CB4","6","Sang","4","Vật lí","Trần Thị Ngọc Hiền","Hiền.TTN"
"107","THCS_DocBinhKieu","10","10CB4","6","Sang","5","HĐTNHN (Chuyên đề)","Trần Thị Kiều","Kiều.TT (10CB2)"
"108","THCS_DocBinhKieu","10","10CB4","7","Sang","1","Toán học","Võ Thị Ngọc Hương","Hương.VTN (12CB3)"
"109","THCS_DocBinhKieu","10","10CB4","7","Sang","2","Toán học","Võ Thị Ngọc Hương","Hương.VTN (12CB3)"
"110","THCS_DocBinhKieu","10","10CB4","7","Sang","3","Giáo dục thể chất","Lê Ngọc Ẩn","Ẩn.LN (7A4)"
"111","THCS_DocBinhKieu","10","10CB4","7","Sang","4","Giáo dục thể chất","Lê Ngọc Ẩn","Ẩn.LN (7A4)"
"112","THCS_DocBinhKieu","10","10CB4","7","Sang","5","Sinh hoạt lớp","Lê Thị Thu Diễm","Diễm.LTT (10CB4)"
"113","THCS_DocBinhKieu","10","10CB5","2","Sang","1","Chào cờ","Hồ Văn Nhịnh","Nhịnh.HV (10CB5)"
"114","THCS_DocBinhKieu","10","10CB5","2","Sang","2","Giáo dục KT & PL","Phạm Nguyễn Văn Trường","Trường.PNV"
"115","THCS_DocBinhKieu","10","10CB5","2","Sang","3","Vật lí","Trần Thị Ngọc Hiền","Hiền.TTN"
"116","THCS_DocBinhKieu","10","10CB5","2","Sang","4","Địa lí","Trần Phước Hòa","Hòa.TP"
"117","THCS_DocBinhKieu","10","10CB5","2","Sang","5","Toán học","Trần Văn Giang","Giang.TV"
"118","THCS_DocBinhKieu","10","10CB5","3","Sang","1","Tiếng Anh","Nguyễn Thị Vân Anh","Anh.NTV"
"119","THCS_DocBinhKieu","10","10CB5","3","Sang","2","Tiếng Anh","Nguyễn Thị Vân Anh","Anh.NTV"
"120","THCS_DocBinhKieu","10","10CB5","3","Sang","3","Tin học","Nguyễn Trung Hiếu","Hiếu.NT (Tin)"
"121","THCS_DocBinhKieu","10","10CB5","3","Sang","4","Giáo dục KT & PL","Phạm Nguyễn Văn Trường","Trường.PNV"
"122","THCS_DocBinhKieu","10","10CB5","3","Sang","5","HĐTNHN (Chuyên đề)","Trần Thị Kiều","Kiều.TT (10CB2)"
"123","THCS_DocBinhKieu","10","10CB5","4","Sang","1","Vật lí","Trần Thị Ngọc Hiền","Hiền.TTN"
"124","THCS_DocBinhKieu","10","10CB5","4","Sang","2","Toán học","Trần Văn Giang","Giang.TV"
"125","THCS_DocBinhKieu","10","10CB5","4","Sang","3","Lịch sử","Nguyễn Thị Bé Trang","Trang.NTB (12CB4)"
"126","THCS_DocBinhKieu","10","10CB5","4","Sang","4","Địa lí","Trần Phước Hòa","Hòa.TP"
"127","THCS_DocBinhKieu","10","10CB5","4","Sang","5","Tiếng Anh","Nguyễn Thị Vân Anh","Anh.NTV"
"128","THCS_DocBinhKieu","10","10CB5","5","Sang","1","Ngữ văn","Hồ Văn Nhịnh","Nhịnh.HV (10CB5)"
"129","THCS_DocBinhKieu","10","10CB5","5","Sang","2","GDQP - AN","Nguyễn Kim Rạng","Rạng.NK"
"130","THCS_DocBinhKieu","10","10CB5","5","Sang","3","Tin học","Nguyễn Trung Hiếu","Hiếu.NT (Tin)"
"131","THCS_DocBinhKieu","10","10CB5","6","Sang","1","Ngữ văn","Hồ Văn Nhịnh","Nhịnh.HV (10CB5)"
"132","THCS_DocBinhKieu","10","10CB5","6","Sang","2","Ngữ văn","Hồ Văn Nhịnh","Nhịnh.HV (10CB5)"
"133","THCS_DocBinhKieu","10","10CB5","6","Sang","3","Toán học","Trần Văn Giang","Giang.TV"
"134","THCS_DocBinhKieu","10","10CB5","6","Sang","4","Toán học","Trần Văn Giang","Giang.TV"
"135","THCS_DocBinhKieu","10","10CB5","6","Sang","5","Vật lí","Trần Thị Ngọc Hiền","Hiền.TTN"
"136","THCS_DocBinhKieu","10","10CB5","7","Sang","1","Giáo dục thể chất","Nguyễn Kim Rạng","Rạng.NK"
"137","THCS_DocBinhKieu","10","10CB5","7","Sang","2","Giáo dục thể chất","Nguyễn Kim Rạng","Rạng.NK"
"138","THCS_DocBinhKieu","10","10CB5","7","Sang","3","Tin học","Nguyễn Trung Hiếu","Hiếu.NT (Tin)"
"139","THCS_DocBinhKieu","10","10CB5","7","Sang","4","HĐTNHN (Chuyên đề)","Trần Thị Kiều","Kiều.TT (10CB2)"
"140","THCS_DocBinhKieu","10","10CB5","7","Sang","5","Sinh hoạt lớp","Hồ Văn Nhịnh","Nhịnh.HV (10CB5)"
"141","THCS_DocBinhKieu","11","11CB1","2","Sang","1","Chào cờ","Bùi Kim Huỳnh","Huỳnh.BK (11CB1)"
"142","THCS_DocBinhKieu","11","11CB1","2","Sang","2","Hóa học","Phan Thị Ngọc Thơ","Thơ.PTN (12CB1)"
"143","THCS_DocBinhKieu","11","11CB1","2","Sang","3","Sinh học","Bùi Kim Huỳnh","Huỳnh.BK (11CB1)"
"144","THCS_DocBinhKieu","11","11CB1","2","Sang","4","Tin học","Đào Thị Ngọc Liên","Liên.ĐTN (11CB4)"
"145","THCS_DocBinhKieu","11","11CB1","2","Sang","5","Vật lí","Phạm Biên Thùy","Thùy.PB"
"146","THCS_DocBinhKieu","11","11CB1","3","Sang","1","Ngữ văn","Tô Thị Lắm","Lắm.TT"
"147","THCS_DocBinhKieu","11","11CB1","3","Sang","2","Ngữ văn","Tô Thị Lắm","Lắm.TT"
"148","THCS_DocBinhKieu","11","11CB1","3","Sang","3","Giáo dục thể chất","Hồ Hoài Ngân","Ngân.HH"
"149","THCS_DocBinhKieu","11","11CB1","3","Sang","4","Giáo dục thể chất","Hồ Hoài Ngân","Ngân.HH"
"150","THCS_DocBinhKieu","11","11CB1","3","Sang","5","Tin học","Đào Thị Ngọc Liên","Liên.ĐTN (11CB4)"
"151","THCS_DocBinhKieu","11","11CB1","4","Sang","1","Toán học","Lê Văn Toàn","Toàn.LV"
"152","THCS_DocBinhKieu","11","11CB1","4","Sang","2","Toán học","Lê Văn Toàn","Toàn.LV"
"153","THCS_DocBinhKieu","11","11CB1","4","Sang","3","Tiếng Anh","Nguyễn Thị Vân Anh","Anh.NTV"
"154","THCS_DocBinhKieu","11","11CB1","4","Sang","4","Sinh học","Bùi Kim Huỳnh","Huỳnh.BK (11CB1)"
"155","THCS_DocBinhKieu","11","11CB1","4","Sang","5","Ngữ văn","Tô Thị Lắm","Lắm.TT"
"156","THCS_DocBinhKieu","11","11CB1","5","Sang","1","Hóa học","Phan Thị Ngọc Thơ","Thơ.PTN (12CB1)"
"157","THCS_DocBinhKieu","11","11CB1","5","Sang","2","HĐTNHN (Chuyên đề)","Phạm Long Phi","Phi.PL (11CB2)"
"158","THCS_DocBinhKieu","11","11CB1","5","Sang","3","Sinh học","Bùi Kim Huỳnh","Huỳnh.BK (11CB1)"
"159","THCS_DocBinhKieu","11","11CB1","6","Sang","1","Tiếng Anh","Nguyễn Thị Vân Anh","Anh.NTV"
"160","THCS_DocBinhKieu","11","11CB1","6","Sang","2","Tiếng Anh","Nguyễn Thị Vân Anh","Anh.NTV"
"161","THCS_DocBinhKieu","11","11CB1","6","Sang","3","Toán học","Lê Văn Toàn","Toàn.LV"
"162","THCS_DocBinhKieu","11","11CB1","6","Sang","4","Toán học","Lê Văn Toàn","Toàn.LV"
"163","THCS_DocBinhKieu","11","11CB1","6","Sang","5","Vật lí","Phạm Biên Thùy","Thùy.PB"
"164","THCS_DocBinhKieu","11","11CB1","7","Sang","1","HĐTNHN (Chuyên đề)","Phạm Long Phi","Phi.PL (11CB2)"
"165","THCS_DocBinhKieu","11","11CB1","7","Sang","2","Lịch sử","Trần Văn Rỡ","Rỡ.TV (11CB3)"
"166","THCS_DocBinhKieu","11","11CB1","7","Sang","3","Hóa học","Phan Thị Ngọc Thơ","Thơ.PTN (12CB1)"
"167","THCS_DocBinhKieu","11","11CB1","7","Sang","4","GDQP - AN","Nguyễn Kim Rạng","Rạng.NK"
"168","THCS_DocBinhKieu","11","11CB1","7","Sang","5","Sinh hoạt lớp","Bùi Kim Huỳnh","Huỳnh.BK (11CB1)"
"169","THCS_DocBinhKieu","11","11CB2","2","Sang","1","Chào cờ","Phạm Long Phi","Phi.PL (11CB2)"
"170","THCS_DocBinhKieu","11","11CB2","2","Sang","2","Hóa học","Phạm Long Phi","Phi.PL (11CB2)"
"171","THCS_DocBinhKieu","11","11CB2","2","Sang","3","Tin học","Đào Thị Ngọc Liên","Liên.ĐTN (11CB4)"
"172","THCS_DocBinhKieu","11","11CB2","2","Sang","4","Địa lí","Ngô Anh Tuấn","Tuấn.NA"
"173","THCS_DocBinhKieu","11","11CB2","2","Sang","5","Toán học","Lê Cao Toàn","Toàn.LC"
"174","THCS_DocBinhKieu","11","11CB2","3","Sang","1","Toán học","Lê Cao Toàn","Toàn.LC"
"175","THCS_DocBinhKieu","11","11CB2","3","Sang","2","Vật lí","Phạm Biên Thùy","Thùy.PB"
"176","THCS_DocBinhKieu","11","11CB2","3","Sang","3","HĐTNHN (Chuyên đề)","Phạm Long Phi","Phi.PL (11CB2)"
"177","THCS_DocBinhKieu","11","11CB2","3","Sang","4","Địa lí","Ngô Anh Tuấn","Tuấn.NA"
"178","THCS_DocBinhKieu","11","11CB2","3","Sang","5","Lịch sử","Trần Văn Rỡ","Rỡ.TV (11CB3)"
"179","THCS_DocBinhKieu","11","11CB2","4","Sang","1","GDQP - AN","Nguyễn Kim Rạng","Rạng.NK"
"180","THCS_DocBinhKieu","11","11CB2","4","Sang","2","Hóa học","Phạm Long Phi","Phi.PL (11CB2)"
"181","THCS_DocBinhKieu","11","11CB2","4","Sang","3","Giáo dục thể chất","Hồ Hoài Ngân","Ngân.HH"
"182","THCS_DocBinhKieu","11","11CB2","4","Sang","4","Giáo dục thể chất","Hồ Hoài Ngân","Ngân.HH"
"183","THCS_DocBinhKieu","11","11CB2","4","Sang","5","Tin học","Đào Thị Ngọc Liên","Liên.ĐTN (11CB4)"
"184","THCS_DocBinhKieu","11","11CB2","5","Sang","1","Hóa học","Phạm Long Phi","Phi.PL (11CB2)"
"185","THCS_DocBinhKieu","11","11CB2","5","Sang","2","Tin học","Đào Thị Ngọc Liên","Liên.ĐTN (11CB4)"
"186","THCS_DocBinhKieu","11","11CB2","5","Sang","3","Ngữ văn","Hồ Văn Nhịnh","Nhịnh.HV (10CB5)"
"187","THCS_DocBinhKieu","11","11CB2","6","Sang","1","Toán học","Lê Cao Toàn","Toàn.LC"
"188","THCS_DocBinhKieu","11","11CB2","6","Sang","2","Toán học","Lê Cao Toàn","Toàn.LC"
"189","THCS_DocBinhKieu","11","11CB2","6","Sang","3","Vật lí","Phạm Biên Thùy","Thùy.PB"
"190","THCS_DocBinhKieu","11","11CB2","6","Sang","4","Tiếng Anh","Ngô Bảo Quốc","Quốc.NB"
"191","THCS_DocBinhKieu","11","11CB2","6","Sang","5","Tiếng Anh","Ngô Bảo Quốc","Quốc.NB"
"192","THCS_DocBinhKieu","11","11CB2","7","Sang","1","Ngữ văn","Hồ Văn Nhịnh","Nhịnh.HV (10CB5)"
"193","THCS_DocBinhKieu","11","11CB2","7","Sang","2","Ngữ văn","Hồ Văn Nhịnh","Nhịnh.HV (10CB5)"
"194","THCS_DocBinhKieu","11","11CB2","7","Sang","3","Tiếng Anh","Ngô Bảo Quốc","Quốc.NB"
"195","THCS_DocBinhKieu","11","11CB2","7","Sang","4","HĐTNHN (Chuyên đề)","Phạm Long Phi","Phi.PL (11CB2)"
"196","THCS_DocBinhKieu","11","11CB2","7","Sang","5","Sinh hoạt lớp","Phạm Long Phi","Phi.PL (11CB2)"
"197","THCS_DocBinhKieu","11","11CB3","2","Sang","1","Chào cờ","Trần Văn Rỡ","Rỡ.TV (11CB3)"
"198","THCS_DocBinhKieu","11","11CB3","2","Sang","2","Ngữ văn","Hồ Văn Nhịnh","Nhịnh.HV (10CB5)"
"199","THCS_DocBinhKieu","11","11CB3","2","Sang","3","Ngữ văn","Hồ Văn Nhịnh","Nhịnh.HV (10CB5)"
"200","THCS_DocBinhKieu","11","11CB3","2","Sang","4","Vật lí","Trần Thị Ngọc Hiền","Hiền.TTN"
"201","THCS_DocBinhKieu","11","11CB3","2","Sang","5","Địa lí","Ngô Anh Tuấn","Tuấn.NA"
"202","THCS_DocBinhKieu","11","11CB3","3","Sang","1","Giáo dục thể chất","Hồ Hoài Ngân","Ngân.HH"
"203","THCS_DocBinhKieu","11","11CB3","3","Sang","2","Giáo dục thể chất","Hồ Hoài Ngân","Ngân.HH"
"204","THCS_DocBinhKieu","11","11CB3","3","Sang","3","Tiếng Anh","Nguyễn Thị Vân Anh","Anh.NTV"
"205","THCS_DocBinhKieu","11","11CB3","3","Sang","4","Tin học","Đào Thị Ngọc Liên","Liên.ĐTN (11CB4)"
"206","THCS_DocBinhKieu","11","11CB3","3","Sang","5","HĐTNHN (Chuyên đề)","Phạm Long Phi","Phi.PL (11CB2)"
"207","THCS_DocBinhKieu","11","11CB3","4","Sang","1","HĐTNHN (Chuyên đề)","Phạm Long Phi","Phi.PL (11CB2)"
"208","THCS_DocBinhKieu","11","11CB3","4","Sang","2","Vật lí","Trần Thị Ngọc Hiền","Hiền.TTN"
"209","THCS_DocBinhKieu","11","11CB3","4","Sang","3","Toán học","Trần Văn Giang","Giang.TV"
"210","THCS_DocBinhKieu","11","11CB3","4","Sang","4","Tin học","Đào Thị Ngọc Liên","Liên.ĐTN (11CB4)"
"211","THCS_DocBinhKieu","11","11CB3","4","Sang","5","Giáo dục KT & PL","Phạm Nguyễn Văn Trường","Trường.PNV"
"212","THCS_DocBinhKieu","11","11CB3","5","Sang","1","Tiếng Anh","Nguyễn Thị Vân Anh","Anh.NTV"
"213","THCS_DocBinhKieu","11","11CB3","5","Sang","2","Tiếng Anh","Nguyễn Thị Vân Anh","Anh.NTV"
"214","THCS_DocBinhKieu","11","11CB3","5","Sang","3","Tin học","Đào Thị Ngọc Liên","Liên.ĐTN (11CB4)"
"215","THCS_DocBinhKieu","11","11CB3","6","Sang","1","Vật lí","Trần Thị Ngọc Hiền","Hiền.TTN"
"216","THCS_DocBinhKieu","11","11CB3","6","Sang","2","Toán học","Trần Văn Giang","Giang.TV"
"217","THCS_DocBinhKieu","11","11CB3","6","Sang","3","GDQP - AN","Nguyễn Kim Rạng","Rạng.NK"
"218","THCS_DocBinhKieu","11","11CB3","6","Sang","4","Giáo dục KT & PL","Phạm Nguyễn Văn Trường","Trường.PNV"
"219","THCS_DocBinhKieu","11","11CB3","6","Sang","5","Địa lí","Ngô Anh Tuấn","Tuấn.NA"
"220","THCS_DocBinhKieu","11","11CB3","7","Sang","1","Toán học","Trần Văn Giang","Giang.TV"
"221","THCS_DocBinhKieu","11","11CB3","7","Sang","2","Toán học","Trần Văn Giang","Giang.TV"
"222","THCS_DocBinhKieu","11","11CB3","7","Sang","3","Lịch sử","Trần Văn Rỡ","Rỡ.TV (11CB3)"
"223","THCS_DocBinhKieu","11","11CB3","7","Sang","4","Ngữ văn","Hồ Văn Nhịnh","Nhịnh.HV (10CB5)"
"224","THCS_DocBinhKieu","11","11CB3","7","Sang","5","Sinh hoạt lớp","Trần Văn Rỡ","Rỡ.TV (11CB3)"
"225","THCS_DocBinhKieu","11","11CB4","2","Sang","1","Chào cờ","Đào Thị Ngọc Liên","Liên.ĐTN (11CB4)"
"226","THCS_DocBinhKieu","11","11CB4","2","Sang","2","Ngữ văn","Tô Thị Lắm","Lắm.TT"
"227","THCS_DocBinhKieu","11","11CB4","2","Sang","3","Ngữ văn","Tô Thị Lắm","Lắm.TT"
"228","THCS_DocBinhKieu","11","11CB4","2","Sang","4","Toán học","Trần Văn Giang","Giang.TV"
"229","THCS_DocBinhKieu","11","11CB4","2","Sang","5","Tin học","Đào Thị Ngọc Liên","Liên.ĐTN (11CB4)"
"230","THCS_DocBinhKieu","11","11CB4","3","Sang","1","Vật lí","Phạm Biên Thùy","Thùy.PB"
"231","THCS_DocBinhKieu","11","11CB4","3","Sang","2","Giáo dục KT & PL","Phạm Nguyễn Văn Trường","Trường.PNV"
"232","THCS_DocBinhKieu","11","11CB4","3","Sang","3","Ngữ văn","Tô Thị Lắm","Lắm.TT"
"233","THCS_DocBinhKieu","11","11CB4","3","Sang","4","HĐTNHN (Chuyên đề)","Phạm Long Phi","Phi.PL (11CB2)"
"234","THCS_DocBinhKieu","11","11CB4","3","Sang","5","Địa lí","Ngô Anh Tuấn","Tuấn.NA"
"235","THCS_DocBinhKieu","11","11CB4","4","Sang","1","Tiếng Anh","Ngô Bảo Quốc","Quốc.NB"
"236","THCS_DocBinhKieu","11","11CB4","4","Sang","2","Tiếng Anh","Ngô Bảo Quốc","Quốc.NB"
"237","THCS_DocBinhKieu","11","11CB4","4","Sang","3","Lịch sử","Trần Văn Rỡ","Rỡ.TV (11CB3)"
"238","THCS_DocBinhKieu","11","11CB4","4","Sang","4","Toán học","Trần Văn Giang","Giang.TV"
"239","THCS_DocBinhKieu","11","11CB4","4","Sang","5","Toán học","Trần Văn Giang","Giang.TV"
"240","THCS_DocBinhKieu","11","11CB4","5","Sang","1","Tin học","Đào Thị Ngọc Liên","Liên.ĐTN (11CB4)"
"241","THCS_DocBinhKieu","11","11CB4","5","Sang","2","Vật lí","Phạm Biên Thùy","Thùy.PB"
"242","THCS_DocBinhKieu","11","11CB4","5","Sang","3","Địa lí","Ngô Anh Tuấn","Tuấn.NA"
"243","THCS_DocBinhKieu","11","11CB4","6","Sang","1","Toán học","Trần Văn Giang","Giang.TV"
"244","THCS_DocBinhKieu","11","11CB4","6","Sang","2","GDQP - AN","Nguyễn Kim Rạng","Rạng.NK"
"245","THCS_DocBinhKieu","11","11CB4","6","Sang","3","Tiếng Anh","Ngô Bảo Quốc","Quốc.NB"
"246","THCS_DocBinhKieu","11","11CB4","6","Sang","4","Vật lí","Phạm Biên Thùy","Thùy.PB"
"247","THCS_DocBinhKieu","11","11CB4","6","Sang","5","Giáo dục KT & PL","Phạm Nguyễn Văn Trường","Trường.PNV"
"248","THCS_DocBinhKieu","11","11CB4","7","Sang","1","Giáo dục thể chất","Hồ Hoài Ngân","Ngân.HH"
"249","THCS_DocBinhKieu","11","11CB4","7","Sang","2","Giáo dục thể chất","Hồ Hoài Ngân","Ngân.HH"
"250","THCS_DocBinhKieu","11","11CB4","7","Sang","3","HĐTNHN (Chuyên đề)","Phạm Long Phi","Phi.PL (11CB2)"
"251","THCS_DocBinhKieu","11","11CB4","7","Sang","4","Tin học","Đào Thị Ngọc Liên","Liên.ĐTN (11CB4)"
"252","THCS_DocBinhKieu","11","11CB4","7","Sang","5","Sinh hoạt lớp","Đào Thị Ngọc Liên","Liên.ĐTN (11CB4)"
"253","THCS_DocBinhKieu","12","12CB1","2","Sang","1","Chào cờ","Phan Thị Ngọc Thơ","Thơ.PTN (12CB1)"
"254","THCS_DocBinhKieu","12","12CB1","2","Sang","2","Lịch sử","Trịnh Văn Sơn","Sơn.TV (12CB5)"
"255","THCS_DocBinhKieu","12","12CB1","2","Sang","3","HĐTNHN (Chuyên đề)","Phan Thị Ngọc Thơ","Thơ.PTN (12CB1)"
"256","THCS_DocBinhKieu","12","12CB1","2","Sang","4","Toán học","Nguyễn Văn Tới","Tới.NV (TT)"
"257","THCS_DocBinhKieu","12","12CB1","2","Sang","5","Toán học","Nguyễn Văn Tới","Tới.NV (TT)"
"258","THCS_DocBinhKieu","12","12CB1","3","Sang","1","Hóa học","Phan Thị Ngọc Thơ","Thơ.PTN (12CB1)"
"259","THCS_DocBinhKieu","12","12CB1","3","Sang","2","Toán học","Nguyễn Văn Tới","Tới.NV (TT)"
"260","THCS_DocBinhKieu","12","12CB1","3","Sang","3","Toán học","Nguyễn Văn Tới","Tới.NV (TT)"
"261","THCS_DocBinhKieu","12","12CB1","3","Sang","4","Vật lí","Phạm Biên Thùy","Thùy.PB"
"262","THCS_DocBinhKieu","12","12CB1","3","Sang","5","Lịch sử","Trịnh Văn Sơn","Sơn.TV (12CB5)"
"263","THCS_DocBinhKieu","12","12CB1","4","Sang","1","Sinh học","Bùi Kim Huỳnh","Huỳnh.BK (11CB1)"
"264","THCS_DocBinhKieu","12","12CB1","4","Sang","2","Ngữ văn","Lê Thị Mỹ Ny","Ny.LTM (10CB3)"
"265","THCS_DocBinhKieu","12","12CB1","4","Sang","3","Ngữ văn","Lê Thị Mỹ Ny","Ny.LTM (10CB3)"
"266","THCS_DocBinhKieu","12","12CB1","4","Sang","4","GDQP - AN","Nguyễn Kim Rạng","Rạng.NK"
"267","THCS_DocBinhKieu","12","12CB1","4","Sang","5","Tiếng Anh","Võ Thị Hiền Thi","Thi.VTH"
"268","THCS_DocBinhKieu","12","12CB1","5","Sang","1","Vật lí","Phạm Biên Thùy","Thùy.PB"
"269","THCS_DocBinhKieu","12","12CB1","5","Sang","2","Tin học","Nguyễn Trung Hiếu","Hiếu.NT (Tin)"
"270","THCS_DocBinhKieu","12","12CB1","5","Sang","3","Tiếng Anh","Võ Thị Hiền Thi","Thi.VTH"
"271","THCS_DocBinhKieu","12","12CB1","5","Sang","4","Tiếng Anh","Võ Thị Hiền Thi","Thi.VTH"
"272","THCS_DocBinhKieu","12","12CB1","6","Sang","1","Ngữ văn","Lê Thị Mỹ Ny","Ny.LTM (10CB3)"
"273","THCS_DocBinhKieu","12","12CB1","6","Sang","2","Tin học","Nguyễn Trung Hiếu","Hiếu.NT (Tin)"
"274","THCS_DocBinhKieu","12","12CB1","6","Sang","3","Giáo dục thể chất","Hồ Hoài Ngân","Ngân.HH"
"275","THCS_DocBinhKieu","12","12CB1","6","Sang","4","Giáo dục thể chất","Hồ Hoài Ngân","Ngân.HH"
"276","THCS_DocBinhKieu","12","12CB1","6","Sang","5","Lịch sử","Trịnh Văn Sơn","Sơn.TV (12CB5)"
"277","THCS_DocBinhKieu","12","12CB1","7","Sang","1","HĐTNHN (Chuyên đề)","Phan Thị Ngọc Thơ","Thơ.PTN (12CB1)"
"278","THCS_DocBinhKieu","12","12CB1","7","Sang","2","Hóa học","Phan Thị Ngọc Thơ","Thơ.PTN (12CB1)"
"279","THCS_DocBinhKieu","12","12CB1","7","Sang","3","Ngữ văn","Lê Thị Mỹ Ny","Ny.LTM (10CB3)"
"280","THCS_DocBinhKieu","12","12CB1","7","Sang","4","Sinh học","Bùi Kim Huỳnh","Huỳnh.BK (11CB1)"
"281","THCS_DocBinhKieu","12","12CB1","7","Sang","5","Sinh hoạt lớp","Phan Thị Ngọc Thơ","Thơ.PTN (12CB1)"
"282","THCS_DocBinhKieu","12","12CB2","2","Sang","1","Chào cờ","Trương Thị Mỹ Duyên","Duyên.TTM (12CB2)"
"283","THCS_DocBinhKieu","12","12CB2","2","Sang","2","HĐTNHN (Chuyên đề)","Trương Thị Mỹ Duyên","Duyên.TTM (12CB2)"
"284","THCS_DocBinhKieu","12","12CB2","2","Sang","3","Lịch sử","Nguyễn Thị Bé Trang","Trang.NTB (12CB4)"
"285","THCS_DocBinhKieu","12","12CB2","2","Sang","4","Tiếng Anh","Võ Thị Hiền Thi","Thi.VTH"
"286","THCS_DocBinhKieu","12","12CB2","2","Sang","5","Địa lí","Trần Phước Hòa","Hòa.TP"
"287","THCS_DocBinhKieu","12","12CB2","3","Sang","1","Lịch sử","Nguyễn Thị Bé Trang","Trang.NTB (12CB4)"
"288","THCS_DocBinhKieu","12","12CB2","3","Sang","2","Hóa học","Phan Thị Ngọc Thơ","Thơ.PTN (12CB1)"
"289","THCS_DocBinhKieu","12","12CB2","3","Sang","3","GDQP - AN","Nguyễn Kim Rạng","Rạng.NK"
"290","THCS_DocBinhKieu","12","12CB2","3","Sang","4","Ngữ văn","Trương Thị Mỹ Duyên","Duyên.TTM (12CB2)"
"291","THCS_DocBinhKieu","12","12CB2","3","Sang","5","Ngữ văn","Trương Thị Mỹ Duyên","Duyên.TTM (12CB2)"
"292","THCS_DocBinhKieu","12","12CB2","4","Sang","1","Giáo dục thể chất","Hồ Hoài Ngân","Ngân.HH"
"293","THCS_DocBinhKieu","12","12CB2","4","Sang","2","Giáo dục thể chất","Hồ Hoài Ngân","Ngân.HH"
"294","THCS_DocBinhKieu","12","12CB2","4","Sang","3","Toán học","Lê Văn Toàn","Toàn.LV"
"295","THCS_DocBinhKieu","12","12CB2","4","Sang","4","Lịch sử","Nguyễn Thị Bé Trang","Trang.NTB (12CB4)"
"296","THCS_DocBinhKieu","12","12CB2","4","Sang","5","Sinh học","Bùi Kim Huỳnh","Huỳnh.BK (11CB1)"
"297","THCS_DocBinhKieu","12","12CB2","5","Sang","1","Sinh học","Bùi Kim Huỳnh","Huỳnh.BK (11CB1)"
"298","THCS_DocBinhKieu","12","12CB2","5","Sang","2","Hóa học","Phan Thị Ngọc Thơ","Thơ.PTN (12CB1)"
"299","THCS_DocBinhKieu","12","12CB2","5","Sang","3","Toán học","Lê Văn Toàn","Toàn.LV"
"300","THCS_DocBinhKieu","12","12CB2","5","Sang","4","Toán học","Lê Văn Toàn","Toàn.LV"
"301","THCS_DocBinhKieu","12","12CB2","6","Sang","1","Tin học","Nguyễn Trung Hiếu","Hiếu.NT (Tin)"
"302","THCS_DocBinhKieu","12","12CB2","6","Sang","2","Tiếng Anh","Võ Thị Hiền Thi","Thi.VTH"
"303","THCS_DocBinhKieu","12","12CB2","6","Sang","3","Tiếng Anh","Võ Thị Hiền Thi","Thi.VTH"
"304","THCS_DocBinhKieu","12","12CB2","6","Sang","4","Địa lí","Trần Phước Hòa","Hòa.TP"
"305","THCS_DocBinhKieu","12","12CB2","6","Sang","5","Toán học","Lê Văn Toàn","Toàn.LV"
"306","THCS_DocBinhKieu","12","12CB2","7","Sang","1","Ngữ văn","Trương Thị Mỹ Duyên","Duyên.TTM (12CB2)"
"307","THCS_DocBinhKieu","12","12CB2","7","Sang","2","Ngữ văn","Trương Thị Mỹ Duyên","Duyên.TTM (12CB2)"
"308","THCS_DocBinhKieu","12","12CB2","7","Sang","3","HĐTNHN (Chuyên đề)","Trương Thị Mỹ Duyên","Duyên.TTM (12CB2)"
"309","THCS_DocBinhKieu","12","12CB2","7","Sang","4","Tin học","Nguyễn Trung Hiếu","Hiếu.NT (Tin)"
"310","THCS_DocBinhKieu","12","12CB2","7","Sang","5","Sinh hoạt lớp","Trương Thị Mỹ Duyên","Duyên.TTM (12CB2)"
"311","THCS_DocBinhKieu","12","12CB3","2","Sang","1","Chào cờ","Võ Thị Ngọc Hương","Hương.VTN (12CB3)"
"312","THCS_DocBinhKieu","12","12CB3","2","Sang","2","Lịch sử","Trần Văn Rỡ","Rỡ.TV (11CB3)"
"313","THCS_DocBinhKieu","12","12CB3","2","Sang","3","Vật lí","Phạm Biên Thùy","Thùy.PB"
"314","THCS_DocBinhKieu","12","12CB3","2","Sang","4","Ngữ văn","Tô Thị Lắm","Lắm.TT"
"315","THCS_DocBinhKieu","12","12CB3","2","Sang","5","Ngữ văn","Tô Thị Lắm","Lắm.TT"
"316","THCS_DocBinhKieu","12","12CB3","3","Sang","1","Giáo dục KT & PL","Phạm Nguyễn Văn Trường","Trường.PNV"
"317","THCS_DocBinhKieu","12","12CB3","3","Sang","2","GDQP - AN","Nguyễn Kim Rạng","Rạng.NK"
"318","THCS_DocBinhKieu","12","12CB3","3","Sang","3","Địa lí","Ngô Anh Tuấn","Tuấn.NA"
"319","THCS_DocBinhKieu","12","12CB3","3","Sang","4","Lịch sử","Trần Văn Rỡ","Rỡ.TV (11CB3)"
"320","THCS_DocBinhKieu","12","12CB3","3","Sang","5","Vật lí","Phạm Biên Thùy","Thùy.PB"
"321","THCS_DocBinhKieu","12","12CB3","4","Sang","1","Tiếng Anh","Võ Thị Hiền Thi","Thi.VTH"
"322","THCS_DocBinhKieu","12","12CB3","4","Sang","2","Tiếng Anh","Võ Thị Hiền Thi","Thi.VTH"
"323","THCS_DocBinhKieu","12","12CB3","4","Sang","3","Giáo dục KT & PL","Phạm Nguyễn Văn Trường","Trường.PNV"
"324","THCS_DocBinhKieu","12","12CB3","4","Sang","4","Ngữ văn","Tô Thị Lắm","Lắm.TT"
"325","THCS_DocBinhKieu","12","12CB3","4","Sang","5","HĐTNHN (Chuyên đề)","Trần Văn Rỡ","Rỡ.TV (11CB3)"
"326","THCS_DocBinhKieu","12","12CB3","5","Sang","1","Tin học","Nguyễn Trung Hiếu","Hiếu.NT (Tin)"
"327","THCS_DocBinhKieu","12","12CB3","5","Sang","2","Toán học","Võ Thị Ngọc Hương","Hương.VTN (12CB3)"
"328","THCS_DocBinhKieu","12","12CB3","5","Sang","3","Toán học","Võ Thị Ngọc Hương","Hương.VTN (12CB3)"
"329","THCS_DocBinhKieu","12","12CB3","5","Sang","4","Địa lí","Ngô Anh Tuấn","Tuấn.NA"
"330","THCS_DocBinhKieu","12","12CB3","6","Sang","1","Giáo dục thể chất","Hồ Hoài Ngân","Ngân.HH"
"331","THCS_DocBinhKieu","12","12CB3","6","Sang","2","Giáo dục thể chất","Hồ Hoài Ngân","Ngân.HH"
"332","THCS_DocBinhKieu","12","12CB3","6","Sang","3","Toán học","Võ Thị Ngọc Hương","Hương.VTN (12CB3)"
"333","THCS_DocBinhKieu","12","12CB3","6","Sang","4","Toán học","Võ Thị Ngọc Hương","Hương.VTN (12CB3)"
"334","THCS_DocBinhKieu","12","12CB3","6","Sang","5","Tiếng Anh","Võ Thị Hiền Thi","Thi.VTH"
"335","THCS_DocBinhKieu","12","12CB3","7","Sang","1","HĐTNHN (Chuyên đề)","Trần Văn Rỡ","Rỡ.TV (11CB3)"
"336","THCS_DocBinhKieu","12","12CB3","7","Sang","2","Tin học","Nguyễn Trung Hiếu","Hiếu.NT (Tin)"
"337","THCS_DocBinhKieu","12","12CB3","7","Sang","3","Ngữ văn","Tô Thị Lắm","Lắm.TT"
"338","THCS_DocBinhKieu","12","12CB3","7","Sang","4","Lịch sử","Trần Văn Rỡ","Rỡ.TV (11CB3)"
"339","THCS_DocBinhKieu","12","12CB3","7","Sang","5","Sinh hoạt lớp","Võ Thị Ngọc Hương","Hương.VTN (12CB3)"
"340","THCS_DocBinhKieu","12","12CB4","2","Sang","1","Chào cờ","Nguyễn Thị Bé Trang","Trang.NTB (12CB4)"
"341","THCS_DocBinhKieu","12","12CB4","2","Sang","2","Ngữ văn","Lê Thị Mỹ Ny","Ny.LTM (10CB3)"
"342","THCS_DocBinhKieu","12","12CB4","2","Sang","3","Toán học","Nguyễn Văn Tới","Tới.NV (TT)"
"343","THCS_DocBinhKieu","12","12CB4","2","Sang","4","Giáo dục KT & PL","Phạm Nguyễn Văn Trường","Trường.PNV"
"344","THCS_DocBinhKieu","12","12CB4","2","Sang","5","Tiếng Anh","Võ Thị Hiền Thi","Thi.VTH"
"345","THCS_DocBinhKieu","12","12CB4","3","Sang","1","Toán học","Nguyễn Văn Tới","Tới.NV (TT)"
"346","THCS_DocBinhKieu","12","12CB4","3","Sang","2","HĐTNHN (Chuyên đề)","Nguyễn Thị Bé Trang","Trang.NTB (12CB4)"
"347","THCS_DocBinhKieu","12","12CB4","3","Sang","3","Vật lí","Phạm Biên Thùy","Thùy.PB"
"348","THCS_DocBinhKieu","12","12CB4","3","Sang","4","Tin học","Nguyễn Trung Hiếu","Hiếu.NT (Tin)"
"349","THCS_DocBinhKieu","12","12CB4","3","Sang","5","Lịch sử","Nguyễn Thị Bé Trang","Trang.NTB (12CB4)"
"350","THCS_DocBinhKieu","12","12CB4","4","Sang","1","Ngữ văn","Lê Thị Mỹ Ny","Ny.LTM (10CB3)"
"351","THCS_DocBinhKieu","12","12CB4","4","Sang","2","Giáo dục KT & PL","Phạm Nguyễn Văn Trường","Trường.PNV"
"352","THCS_DocBinhKieu","12","12CB4","4","Sang","3","Tiếng Anh","Võ Thị Hiền Thi","Thi.VTH"
"353","THCS_DocBinhKieu","12","12CB4","4","Sang","4","Tiếng Anh","Võ Thị Hiền Thi","Thi.VTH"
"354","THCS_DocBinhKieu","12","12CB4","4","Sang","5","Địa lí","Trần Phước Hòa","Hòa.TP"
"355","THCS_DocBinhKieu","12","12CB4","5","Sang","1","Toán học","Nguyễn Văn Tới","Tới.NV (TT)"
"356","THCS_DocBinhKieu","12","12CB4","5","Sang","2","Toán học","Nguyễn Văn Tới","Tới.NV (TT)"
"357","THCS_DocBinhKieu","12","12CB4","5","Sang","3","Giáo dục thể chất","Hồ Hoài Ngân","Ngân.HH"
"358","THCS_DocBinhKieu","12","12CB4","5","Sang","4","Giáo dục thể chất","Hồ Hoài Ngân","Ngân.HH"
"359","THCS_DocBinhKieu","12","12CB4","6","Sang","1","Địa lí","Trần Phước Hòa","Hòa.TP"
"360","THCS_DocBinhKieu","12","12CB4","6","Sang","2","Vật lí","Phạm Biên Thùy","Thùy.PB"
"361","THCS_DocBinhKieu","12","12CB4","6","Sang","3","Tin học","Nguyễn Trung Hiếu","Hiếu.NT (Tin)"
"362","THCS_DocBinhKieu","12","12CB4","6","Sang","4","Lịch sử","Nguyễn Thị Bé Trang","Trang.NTB (12CB4)"
"363","THCS_DocBinhKieu","12","12CB4","6","Sang","5","HĐTNHN (Chuyên đề)","Nguyễn Thị Bé Trang","Trang.NTB (12CB4)"
"364","THCS_DocBinhKieu","12","12CB4","7","Sang","1","Ngữ văn","Lê Thị Mỹ Ny","Ny.LTM (10CB3)"
"365","THCS_DocBinhKieu","12","12CB4","7","Sang","2","Ngữ văn","Lê Thị Mỹ Ny","Ny.LTM (10CB3)"
"366","THCS_DocBinhKieu","12","12CB4","7","Sang","3","GDQP - AN","Nguyễn Kim Rạng","Rạng.NK"
"367","THCS_DocBinhKieu","12","12CB4","7","Sang","4","Lịch sử","Nguyễn Thị Bé Trang","Trang.NTB (12CB4)"
"368","THCS_DocBinhKieu","12","12CB4","7","Sang","5","Sinh hoạt lớp","Nguyễn Thị Bé Trang","Trang.NTB (12CB4)"
"369","THCS_DocBinhKieu","12","12CB5","2","Sang","1","Chào cờ","Trịnh Văn Sơn","Sơn.TV (12CB5)"
"370","THCS_DocBinhKieu","12","12CB5","2","Sang","2","Sinh học","Bùi Kim Huỳnh","Huỳnh.BK (11CB1)"
"371","THCS_DocBinhKieu","12","12CB5","2","Sang","3","Địa lí","Ngô Anh Tuấn","Tuấn.NA"
"372","THCS_DocBinhKieu","12","12CB5","2","Sang","4","Toán học","Lê Văn Toàn","Toàn.LV"
"373","THCS_DocBinhKieu","12","12CB5","2","Sang","5","Toán học","Lê Văn Toàn","Toàn.LV"
"374","THCS_DocBinhKieu","12","12CB5","3","Sang","1","Tiếng Anh","Trương Sơn Bền","Bền.TS"
"375","THCS_DocBinhKieu","12","12CB5","3","Sang","2","Tiếng Anh","Trương Sơn Bền","Bền.TS"
"376","THCS_DocBinhKieu","12","12CB5","3","Sang","3","Giáo dục KT & PL","Phạm Nguyễn Văn Trường","Trường.PNV"
"377","THCS_DocBinhKieu","12","12CB5","3","Sang","4","Lịch sử","Trịnh Văn Sơn","Sơn.TV (12CB5)"
"378","THCS_DocBinhKieu","12","12CB5","3","Sang","5","HĐTNHN (Chuyên đề)","Nguyễn Minh Trí","Trí.NM (PHT)"
"379","THCS_DocBinhKieu","12","12CB5","4","Sang","1","Tiếng Anh","Trương Sơn Bền","Bền.TS"
"380","THCS_DocBinhKieu","12","12CB5","4","Sang","2","GDQP - AN","Nguyễn Kim Rạng","Rạng.NK"
"381","THCS_DocBinhKieu","12","12CB5","4","Sang","3","Sinh học","Bùi Kim Huỳnh","Huỳnh.BK (11CB1)"
"382","THCS_DocBinhKieu","12","12CB5","4","Sang","4","Toán học","Lê Văn Toàn","Toàn.LV"
"383","THCS_DocBinhKieu","12","12CB5","4","Sang","5","Toán học","Lê Văn Toàn","Toàn.LV"
"384","THCS_DocBinhKieu","12","12CB5","5","Sang","1","Giáo dục thể chất","Hồ Hoài Ngân","Ngân.HH"
"385","THCS_DocBinhKieu","12","12CB5","5","Sang","2","Giáo dục thể chất","Hồ Hoài Ngân","Ngân.HH"
"386","THCS_DocBinhKieu","12","12CB5","5","Sang","3","Ngữ văn","Tô Thị Lắm","Lắm.TT"
"387","THCS_DocBinhKieu","12","12CB5","5","Sang","4","Ngữ văn","Tô Thị Lắm","Lắm.TT"
"388","THCS_DocBinhKieu","12","12CB5","6","Sang","1","Công nghệ","Cao Văn Tùng","Tùng.CV (10CB1)"
"389","THCS_DocBinhKieu","12","12CB5","6","Sang","2","Lịch sử","Trịnh Văn Sơn","Sơn.TV (12CB5)"
"390","THCS_DocBinhKieu","12","12CB5","6","Sang","3","Giáo dục KT & PL","Phạm Nguyễn Văn Trường","Trường.PNV"
"391","THCS_DocBinhKieu","12","12CB5","6","Sang","4","Địa lí","Ngô Anh Tuấn","Tuấn.NA"
"392","THCS_DocBinhKieu","12","12CB5","6","Sang","5","HĐTNHN (Chuyên đề)","Nguyễn Minh Trí","Trí.NM (PHT)"
"393","THCS_DocBinhKieu","12","12CB5","7","Sang","1","Ngữ văn","Tô Thị Lắm","Lắm.TT"
"394","THCS_DocBinhKieu","12","12CB5","7","Sang","2","Ngữ văn","Tô Thị Lắm","Lắm.TT"
"395","THCS_DocBinhKieu","12","12CB5","7","Sang","3","Công nghệ","Cao Văn Tùng","Tùng.CV (10CB1)"
"396","THCS_DocBinhKieu","12","12CB5","7","Sang","4","Lịch sử","Trịnh Văn Sơn","Sơn.TV (12CB5)"
"397","THCS_DocBinhKieu","12","12CB5","7","Sang","5","Sinh hoạt lớp","Trịnh Văn Sơn","Sơn.TV (12CB5)"
"398","THCS_DocBinhKieu","6","6A1","2","Chieu","1","Tiếng Anh","Hồ Mai Thảo","Thảo.HM"
"399","THCS_DocBinhKieu","6","6A1","2","Chieu","2","Khoa học tự nhiên","Hồ Thị Ngọc Tài","Tài.HTN"
"400","THCS_DocBinhKieu","6","6A1","2","Chieu","3","Khoa học tự nhiên","Hồ Thị Ngọc Tài","Tài.HTN"
"401","THCS_DocBinhKieu","6","6A1","2","Chieu","4","Công nghệ","Lê Kim Ngân","Ngân.LK"
"402","THCS_DocBinhKieu","6","6A1","2","Chieu","5","Chào cờ","Hồ Thị Ngọc Tài","Tài.HTN"
"403","THCS_DocBinhKieu","6","6A1","3","Chieu","1","Toán học","Nguyễn Thị Bích Lang","Lang.NTB"
"404","THCS_DocBinhKieu","6","6A1","3","Chieu","2","Toán học","Nguyễn Thị Bích Lang","Lang.NTB"
"405","THCS_DocBinhKieu","6","6A1","3","Chieu","3","Ngữ văn","Phạm Thanh Lâm","Lâm.PT"
"406","THCS_DocBinhKieu","6","6A1","3","Chieu","4","Ngữ văn","Phạm Thanh Lâm","Lâm.PT"
"407","THCS_DocBinhKieu","6","6A1","3","Chieu","5","Giáo dục công dân","Lê Hồng Thúy","Thúy.LH"
"408","THCS_DocBinhKieu","6","6A1","4","Chieu","1","Lịch sử và Địa lí","Nguyễn Quốc Tấn","Tấn.NQ"
"409","THCS_DocBinhKieu","6","6A1","4","Sang","1","HĐTNHN (Quy mô lớp)","Hồ Thị Ngọc Tài","Tài.HTN"
"410","THCS_DocBinhKieu","6","6A1","4","Chieu","2","Tin học","Bùi Kim Phướng","Phướng.BK"
"411","THCS_DocBinhKieu","6","6A1","4","Sang","2","HĐTNHN (Chuyên đề)","Nguyễn Thị Cẩm Nhung","Nhung.NTC"
"412","THCS_DocBinhKieu","6","6A1","4","Chieu","3","Giáo dục thể chất","Nguyễn Thanh Hùng","Hùng.NThanh"
"413","THCS_DocBinhKieu","6","6A1","4","Chieu","4","Toán học","Nguyễn Thị Bích Lang","Lang.NTB"
"414","THCS_DocBinhKieu","6","6A1","4","Chieu","5","Toán học","Nguyễn Thị Bích Lang","Lang.NTB"
"415","THCS_DocBinhKieu","6","6A1","5","Chieu","1","Âm nhạc","Lê Thị Tuyết Xanh","Xanh.LTT"
"416","THCS_DocBinhKieu","6","6A1","5","Chieu","2","Khoa học tự nhiên","Hồ Thị Ngọc Tài","Tài.HTN"
"417","THCS_DocBinhKieu","6","6A1","6","Chieu","1","Ngữ văn","Phạm Thanh Lâm","Lâm.PT"
"418","THCS_DocBinhKieu","6","6A1","6","Chieu","2","Ngữ văn","Phạm Thanh Lâm","Lâm.PT"
"419","THCS_DocBinhKieu","6","6A1","6","Chieu","3","Giáo dục thể chất","Nguyễn Thanh Hùng","Hùng.NThanh"
"420","THCS_DocBinhKieu","6","6A1","6","Chieu","4","Tiếng Anh","Hồ Mai Thảo","Thảo.HM"
"421","THCS_DocBinhKieu","6","6A1","6","Chieu","5","Tiếng Anh","Hồ Mai Thảo","Thảo.HM"
"422","THCS_DocBinhKieu","6","6A1","7","Chieu","1","Mỹ thuật","Lê Minh Đạt","Đạt.LM"
"423","THCS_DocBinhKieu","6","6A1","7","Chieu","2","Lịch sử và Địa lí","Nguyễn Quốc Tấn","Tấn.NQ"
"424","THCS_DocBinhKieu","6","6A1","7","Chieu","3","Lịch sử và Địa lí","Nguyễn Quốc Tấn","Tấn.NQ"
"425","THCS_DocBinhKieu","6","6A1","7","Chieu","4","Khoa học tự nhiên","Hồ Thị Ngọc Tài","Tài.HTN"
"426","THCS_DocBinhKieu","6","6A1","7","Chieu","5","Sinh hoạt lớp","Hồ Thị Ngọc Tài","Tài.HTN"
"427","THCS_TanKieu","6","6A10","2","Chieu","1","Khoa học tự nhiên","Nguyễn Thị Lụa","Lụa.NT"
"428","THCS_TanKieu","6","6A10","2","Chieu","2","Khoa học tự nhiên","Nguyễn Thị Lụa","Lụa.NT"
"429","THCS_TanKieu","6","6A10","2","Chieu","3","Giáo dục công dân","Nguyễn Mỹ Ngân","Ngân.NM"
"430","THCS_TanKieu","6","6A10","2","Chieu","4","Công nghệ","Nguyễn Thị Ngọc Diễm","Diễm.NTN"
"431","THCS_TanKieu","6","6A10","2","Chieu","5","Chào cờ","Nguyễn Thị Lụa","Lụa.NT"
"432","THCS_TanKieu","6","6A10","3","Chieu","1","Ngữ văn","Nguyễn Thị Thảo","Thảo.NT"
"433","THCS_TanKieu","6","6A10","3","Sang","1","HĐTNHN (Chuyên đề)","Nguyễn Thị Lụa","Lụa.NT"
"434","THCS_TanKieu","6","6A10","3","Chieu","2","Ngữ văn","Nguyễn Thị Thảo","Thảo.NT"
"435","THCS_TanKieu","6","6A10","3","Sang","2","HĐTNHN (Quy mô lớp)","Nguyễn Thị Lụa","Lụa.NT"
"436","THCS_TanKieu","6","6A10","3","Chieu","3","Tin học","Lê Phước Hậu","Hậu.LP"
"437","THCS_TanKieu","6","6A10","3","Chieu","4","Toán học","Trần Quốc Huy","Huy.TQ"
"438","THCS_TanKieu","6","6A10","3","Chieu","5","Toán học","Trần Quốc Huy","Huy.TQ"
"439","THCS_TanKieu","6","6A10","4","Chieu","1","Ngữ văn","Nguyễn Thị Thảo","Thảo.NT"
"440","THCS_TanKieu","6","6A10","4","Chieu","2","Ngữ văn","Nguyễn Thị Thảo","Thảo.NT"
"441","THCS_TanKieu","6","6A10","4","Chieu","3","Lịch sử","Châu Thị Kim Hà","Hà.CTK"
"442","THCS_TanKieu","6","6A10","4","Chieu","4","Tiếng Anh","Lê Thị Ngọc Tuyền","Tuyền.LTN"
"443","THCS_TanKieu","6","6A10","4","Chieu","5","Tiếng Anh","Lê Thị Ngọc Tuyền","Tuyền.LTN"
"444","THCS_TanKieu","6","6A10","5","Chieu","1","Toán học","Trần Quốc Huy","Huy.TQ"
"445","THCS_TanKieu","6","6A10","5","Chieu","2","Toán học","Trần Quốc Huy","Huy.TQ"
"446","THCS_TanKieu","6","6A10","6","Chieu","1","Khoa học tự nhiên","Nguyễn Thị Lụa","Lụa.NT"
"447","THCS_TanKieu","6","6A10","6","Chieu","2","Âm nhạc","Nguyễn Anh Văn","Văn.NA"
"448","THCS_TanKieu","6","6A10","6","Chieu","3","Tiếng Anh","Lê Thị Ngọc Tuyền","Tuyền.LTN"
"449","THCS_TanKieu","6","6A10","6","Chieu","4","Giáo dục thể chất","Lê Thị Ngọc Điệp","Điệp.LTN"
"450","THCS_TanKieu","6","6A10","6","Chieu","5","Giáo dục thể chất","Lê Thị Ngọc Điệp","Điệp.LTN"
"451","THCS_TanKieu","6","6A10","7","Chieu","1","Mỹ thuật","Trần Thị Mỹ Quốc","Quốc.TTM"
"452","THCS_TanKieu","6","6A10","7","Chieu","2","Lịch sử","Châu Thị Kim Hà","Hà.CTK"
"453","THCS_TanKieu","6","6A10","7","Chieu","3","Địa lí","Nguyễn Thị Kim Sang","Sang.NTK"
"454","THCS_TanKieu","6","6A10","7","Chieu","4","Khoa học tự nhiên","Nguyễn Thị Lụa","Lụa.NT"
"455","THCS_TanKieu","6","6A10","7","Chieu","5","Sinh hoạt lớp","Nguyễn Thị Lụa","Lụa.NT"
"456","THCS_DocBinhKieu","6","6A2","2","Chieu","1","Âm nhạc","Lê Thị Tuyết Xanh","Xanh.LTT"
"457","THCS_DocBinhKieu","6","6A2","2","Chieu","2","Giáo dục công dân","Lê Hồng Thúy","Thúy.LH"
"458","THCS_DocBinhKieu","6","6A2","2","Chieu","3","Tin học","Bùi Kim Phướng","Phướng.BK"
"459","THCS_DocBinhKieu","6","6A2","2","Chieu","4","Khoa học tự nhiên","Nguyễn Thị Thắm","Thắm.NT"
"460","THCS_DocBinhKieu","6","6A2","2","Chieu","5","Chào cờ","Nguyễn Thị Thắm","Thắm.NT"
"461","THCS_DocBinhKieu","6","6A2","3","Chieu","1","Ngữ văn","Phạm Thanh Lâm","Lâm.PT"
"462","THCS_DocBinhKieu","6","6A2","3","Sang","1","HĐTNHN (Quy mô lớp)","Nguyễn Thị Thắm","Thắm.NT"
"463","THCS_DocBinhKieu","6","6A2","3","Chieu","2","Tiếng Anh","Trần Thanh Hậu","Hậu.TT"
"464","THCS_DocBinhKieu","6","6A2","3","Sang","2","HĐTNHN (Chuyên đề)","Nguyễn Thị Thắm","Thắm.NT"
"465","THCS_DocBinhKieu","6","6A2","3","Chieu","3","Toán học","Lê Thị Bình","Bình.LT"
"466","THCS_DocBinhKieu","6","6A2","3","Chieu","4","Lịch sử và Địa lí","Nguyễn Quốc Tấn","Tấn.NQ"
"467","THCS_DocBinhKieu","6","6A2","3","Chieu","5","Lịch sử và Địa lí","Nguyễn Quốc Tấn","Tấn.NQ"
"468","THCS_DocBinhKieu","6","6A2","4","Chieu","1","Ngữ văn","Phạm Thanh Lâm","Lâm.PT"
"469","THCS_DocBinhKieu","6","6A2","4","Chieu","2","Ngữ văn","Phạm Thanh Lâm","Lâm.PT"
"470","THCS_DocBinhKieu","6","6A2","4","Chieu","3","Toán học","Lê Thị Bình","Bình.LT"
"471","THCS_DocBinhKieu","6","6A2","4","Chieu","4","Toán học","Lê Thị Bình","Bình.LT"
"472","THCS_DocBinhKieu","6","6A2","4","Chieu","5","Công nghệ","Lê Kim Ngân","Ngân.LK"
"473","THCS_DocBinhKieu","6","6A2","5","Chieu","1","Tiếng Anh","Trần Thanh Hậu","Hậu.TT"
"474","THCS_DocBinhKieu","6","6A2","5","Chieu","2","Tiếng Anh","Trần Thanh Hậu","Hậu.TT"
"475","THCS_DocBinhKieu","6","6A2","6","Chieu","1","Khoa học tự nhiên","Nguyễn Thị Thắm","Thắm.NT"
"476","THCS_DocBinhKieu","6","6A2","6","Chieu","2","Khoa học tự nhiên","Nguyễn Thị Thắm","Thắm.NT"
"477","THCS_DocBinhKieu","6","6A2","6","Chieu","3","Lịch sử và Địa lí","Nguyễn Quốc Tấn","Tấn.NQ"
"478","THCS_DocBinhKieu","6","6A2","6","Chieu","4","Ngữ văn","Phạm Thanh Lâm","Lâm.PT"
"479","THCS_DocBinhKieu","6","6A2","6","Chieu","5","Giáo dục thể chất","Nguyễn Thanh Hùng","Hùng.NThanh"
"480","THCS_DocBinhKieu","6","6A2","7","Chieu","1","Toán học","Lê Thị Bình","Bình.LT"
"481","THCS_DocBinhKieu","6","6A2","7","Chieu","2","Mỹ thuật","Lê Minh Đạt","Đạt.LM"
"482","THCS_DocBinhKieu","6","6A2","7","Chieu","3","Giáo dục thể chất","Nguyễn Thanh Hùng","Hùng.NThanh"
"483","THCS_DocBinhKieu","6","6A2","7","Chieu","4","Khoa học tự nhiên","Nguyễn Thị Thắm","Thắm.NT"
"484","THCS_DocBinhKieu","6","6A2","7","Chieu","5","Sinh hoạt lớp","Nguyễn Thị Thắm","Thắm.NT"
"485","THCS_DocBinhKieu","6","6A3","2","Chieu","1","Toán học","Nguyễn Thái Hùng","Hùng.NThái"
"486","THCS_DocBinhKieu","6","6A3","2","Sang","1","HĐTNHN (Quy mô lớp)","Bùi Kim Phướng","Phướng.BK"
"487","THCS_DocBinhKieu","6","6A3","2","Chieu","2","Toán học","Nguyễn Thái Hùng","Hùng.NThái"
"488","THCS_DocBinhKieu","6","6A3","2","Sang","2","HĐTNHN (Chuyên đề)","Nguyễn Thị Cẩm Nhung","Nhung.NTC"
"489","THCS_DocBinhKieu","6","6A3","2","Chieu","3","Tiếng Anh","Hồ Mai Thảo","Thảo.HM"
"490","THCS_DocBinhKieu","6","6A3","2","Chieu","4","Khoa học tự nhiên","Nguyễn Kim Ngân","Ngân.NK"
"491","THCS_DocBinhKieu","6","6A3","2","Chieu","5","Chào cờ","Bùi Kim Phướng","Phướng.BK"
"492","THCS_DocBinhKieu","6","6A3","3","Chieu","1","Lịch sử và Địa lí","Nguyễn Quốc Tấn","Tấn.NQ"
"493","THCS_DocBinhKieu","6","6A3","3","Chieu","2","Mỹ thuật","Trần Thị Mỹ Quốc","Quốc.TTM"
"494","THCS_DocBinhKieu","6","6A3","3","Chieu","3","Ngữ văn","Hứa Thùy Dương","Dương.HT"
"495","THCS_DocBinhKieu","6","6A3","3","Chieu","4","Ngữ văn","Hứa Thùy Dương","Dương.HT"
"496","THCS_DocBinhKieu","6","6A3","3","Chieu","5","Giáo dục thể chất","Nguyễn Thanh Hùng","Hùng.NThanh"
"497","THCS_DocBinhKieu","6","6A3","4","Chieu","1","Tin học","Bùi Kim Phướng","Phướng.BK"
"498","THCS_DocBinhKieu","6","6A3","4","Chieu","2","Âm nhạc","Nguyễn Anh Văn","Văn.NA"
"499","THCS_DocBinhKieu","6","6A3","4","Chieu","3","Khoa học tự nhiên","Nguyễn Kim Ngân","Ngân.NK"
"500","THCS_DocBinhKieu","6","6A3","4","Chieu","4","Khoa học tự nhiên","Nguyễn Kim Ngân","Ngân.NK"
"501","THCS_DocBinhKieu","6","6A3","4","Chieu","5","Ngữ văn","Hứa Thùy Dương","Dương.HT"
"502","THCS_DocBinhKieu","6","6A3","5","Chieu","1","Lịch sử và Địa lí","Nguyễn Quốc Tấn","Tấn.NQ"
"503","THCS_DocBinhKieu","6","6A3","5","Chieu","2","Lịch sử và Địa lí","Nguyễn Quốc Tấn","Tấn.NQ"
"504","THCS_DocBinhKieu","6","6A3","6","Chieu","1","Giáo dục công dân","Lê Hồng Thúy","Thúy.LH"
"505","THCS_DocBinhKieu","6","6A3","6","Chieu","2","Toán học","Nguyễn Thái Hùng","Hùng.NThái"
"506","THCS_DocBinhKieu","6","6A3","6","Chieu","3","Toán học","Nguyễn Thái Hùng","Hùng.NThái"
"507","THCS_DocBinhKieu","6","6A3","6","Chieu","4","Giáo dục thể chất","Nguyễn Thanh Hùng","Hùng.NThanh"
"508","THCS_DocBinhKieu","6","6A3","6","Chieu","5","Ngữ văn","Hứa Thùy Dương","Dương.HT"
"509","THCS_DocBinhKieu","6","6A3","7","Chieu","1","Công nghệ","Lê Kim Ngân","Ngân.LK"
"510","THCS_DocBinhKieu","6","6A3","7","Chieu","2","Khoa học tự nhiên","Nguyễn Kim Ngân","Ngân.NK"
"511","THCS_DocBinhKieu","6","6A3","7","Chieu","3","Tiếng Anh","Hồ Mai Thảo","Thảo.HM"
"512","THCS_DocBinhKieu","6","6A3","7","Chieu","4","Tiếng Anh","Hồ Mai Thảo","Thảo.HM"
"513","THCS_DocBinhKieu","6","6A3","7","Chieu","5","Sinh hoạt lớp","Bùi Kim Phướng","Phướng.BK"
"514","THCS_DocBinhKieu","6","6A4","2","Chieu","1","Toán học","Lê Thị Bình","Bình.LT"
"515","THCS_DocBinhKieu","6","6A4","2","Sang","1","HĐTNHN (Chuyên đề)","Nguyễn Thị Thắm","Thắm.NT"
"516","THCS_DocBinhKieu","6","6A4","2","Chieu","2","Khoa học tự nhiên","Nguyễn Kim Ngân","Ngân.NK"
"517","THCS_DocBinhKieu","6","6A4","2","Sang","2","HĐTNHN (Quy mô lớp)","Nguyễn Thanh Hùng","Hùng.NThanh"
"518","THCS_DocBinhKieu","6","6A4","2","Chieu","3","Khoa học tự nhiên","Nguyễn Kim Ngân","Ngân.NK"
"519","THCS_DocBinhKieu","6","6A4","2","Chieu","4","Giáo dục thể chất","Nguyễn Thanh Hùng","Hùng.NThanh"
"520","THCS_DocBinhKieu","6","6A4","2","Chieu","5","Chào cờ","Nguyễn Thanh Hùng","Hùng.NThanh"
"521","THCS_DocBinhKieu","6","6A4","3","Chieu","1","Tiếng Anh","Trần Thanh Hậu","Hậu.TT"
"522","THCS_DocBinhKieu","6","6A4","3","Chieu","2","Lịch sử và Địa lí","Nguyễn Quốc Tấn","Tấn.NQ"
"523","THCS_DocBinhKieu","6","6A4","3","Chieu","3","Mỹ thuật","Trần Thị Mỹ Quốc","Quốc.TTM"
"524","THCS_DocBinhKieu","6","6A4","3","Chieu","4","Giáo dục thể chất","Nguyễn Thanh Hùng","Hùng.NThanh"
"525","THCS_DocBinhKieu","6","6A4","3","Chieu","5","Ngữ văn","Phạm Thanh Lâm","Lâm.PT"
"526","THCS_DocBinhKieu","6","6A4","4","Chieu","1","Khoa học tự nhiên","Nguyễn Kim Ngân","Ngân.NK"
"527","THCS_DocBinhKieu","6","6A4","4","Chieu","2","Giáo dục công dân","Lê Hồng Thúy","Thúy.LH"
"528","THCS_DocBinhKieu","6","6A4","4","Chieu","3","Âm nhạc","Nguyễn Anh Văn","Văn.NA"
"529","THCS_DocBinhKieu","6","6A4","4","Chieu","4","Công nghệ","Lê Kim Ngân","Ngân.LK"
"530","THCS_DocBinhKieu","6","6A4","4","Chieu","5","Toán học","Lê Thị Bình","Bình.LT"
"531","THCS_DocBinhKieu","6","6A4","5","Chieu","1","Ngữ văn","Phạm Thanh Lâm","Lâm.PT"
"532","THCS_DocBinhKieu","6","6A4","5","Chieu","2","Ngữ văn","Phạm Thanh Lâm","Lâm.PT"
"533","THCS_DocBinhKieu","6","6A4","6","Chieu","1","Lịch sử và Địa lí","Nguyễn Quốc Tấn","Tấn.NQ"
"534","THCS_DocBinhKieu","6","6A4","6","Chieu","2","Lịch sử và Địa lí","Nguyễn Quốc Tấn","Tấn.NQ"
"535","THCS_DocBinhKieu","6","6A4","6","Chieu","3","Tiếng Anh","Trần Thanh Hậu","Hậu.TT"
"536","THCS_DocBinhKieu","6","6A4","6","Chieu","4","Tiếng Anh","Trần Thanh Hậu","Hậu.TT"
"537","THCS_DocBinhKieu","6","6A4","6","Chieu","5","Ngữ văn","Phạm Thanh Lâm","Lâm.PT"
"538","THCS_DocBinhKieu","6","6A4","7","Chieu","1","Tin học","Bùi Kim Phướng","Phướng.BK"
"539","THCS_DocBinhKieu","6","6A4","7","Chieu","2","Toán học","Lê Thị Bình","Bình.LT"
"540","THCS_DocBinhKieu","6","6A4","7","Chieu","3","Toán học","Lê Thị Bình","Bình.LT"
"541","THCS_DocBinhKieu","6","6A4","7","Chieu","4","Khoa học tự nhiên","Nguyễn Kim Ngân","Ngân.NK"
"542","THCS_DocBinhKieu","6","6A4","7","Chieu","5","Sinh hoạt lớp","Nguyễn Thanh Hùng","Hùng.NThanh"
"543","THCS_DocBinhKieu","6","6A5","2","Chieu","1","Khoa học tự nhiên","Nguyễn Kim Ngân","Ngân.NK"
"544","THCS_DocBinhKieu","6","6A5","2","Sang","1","HĐTNHN (Quy mô lớp)","Lê Kim Ngân","Ngân.LK"
"545","THCS_DocBinhKieu","6","6A5","2","Chieu","2","Toán học","Lê Thị Bình","Bình.LT"
"546","THCS_DocBinhKieu","6","6A5","2","Sang","2","HĐTNHN (Chuyên đề)","Lê Kim Ngân","Ngân.LK"
"547","THCS_DocBinhKieu","6","6A5","2","Chieu","3","Giáo dục thể chất","Nguyễn Thanh Hùng","Hùng.NThanh"
"548","THCS_DocBinhKieu","6","6A5","2","Chieu","4","Ngữ văn","Hứa Thùy Dương","Dương.HT"
"549","THCS_DocBinhKieu","6","6A5","2","Chieu","5","Chào cờ","Lê Kim Ngân","Ngân.LK"
"550","THCS_DocBinhKieu","6","6A5","3","Chieu","1","Giáo dục công dân","Lê Hồng Thúy","Thúy.LH"
"551","THCS_DocBinhKieu","6","6A5","3","Chieu","2","Toán học","Lê Thị Bình","Bình.LT"
"552","THCS_DocBinhKieu","6","6A5","3","Chieu","3","Tiếng Anh","Trần Thanh Hậu","Hậu.TT"
"553","THCS_DocBinhKieu","6","6A5","3","Chieu","4","Mỹ thuật","Trần Thị Mỹ Quốc","Quốc.TTM"
"554","THCS_DocBinhKieu","6","6A5","3","Chieu","5","Ngữ văn","Hứa Thùy Dương","Dương.HT"
"555","THCS_DocBinhKieu","6","6A5","4","Chieu","1","Toán học","Lê Thị Bình","Bình.LT"
"556","THCS_DocBinhKieu","6","6A5","4","Chieu","2","Toán học","Lê Thị Bình","Bình.LT"
"557","THCS_DocBinhKieu","6","6A5","4","Chieu","3","Lịch sử","Nguyễn Quốc Tấn","Tấn.NQ"
"558","THCS_DocBinhKieu","6","6A5","4","Chieu","4","Âm nhạc","Nguyễn Anh Văn","Văn.NA"
"559","THCS_DocBinhKieu","6","6A5","4","Chieu","5","Khoa học tự nhiên","Nguyễn Kim Ngân","Ngân.NK"
"560","THCS_DocBinhKieu","6","6A5","5","Chieu","1","Khoa học tự nhiên","Nguyễn Kim Ngân","Ngân.NK"
"561","THCS_DocBinhKieu","6","6A5","5","Chieu","2","Khoa học tự nhiên","Nguyễn Kim Ngân","Ngân.NK"
"562","THCS_DocBinhKieu","6","6A5","6","Chieu","1","Tiếng Anh","Trần Thanh Hậu","Hậu.TT"
"563","THCS_DocBinhKieu","6","6A5","6","Chieu","2","Tiếng Anh","Trần Thanh Hậu","Hậu.TT"
"564","THCS_DocBinhKieu","6","6A5","6","Chieu","3","Ngữ văn","Hứa Thùy Dương","Dương.HT"
"565","THCS_DocBinhKieu","6","6A5","6","Chieu","4","Ngữ văn","Hứa Thùy Dương","Dương.HT"
"566","THCS_DocBinhKieu","6","6A5","6","Chieu","5","Địa lí","Trần Phước Hòa","Hòa.TP"
"567","THCS_DocBinhKieu","6","6A5","7","Chieu","1","Lịch sử","Nguyễn Quốc Tấn","Tấn.NQ"
"568","THCS_DocBinhKieu","6","6A5","7","Chieu","2","Tin học","Bùi Kim Phướng","Phướng.BK"
"569","THCS_DocBinhKieu","6","6A5","7","Chieu","3","Công nghệ","Lê Kim Ngân","Ngân.LK"
"570","THCS_DocBinhKieu","6","6A5","7","Chieu","4","Giáo dục thể chất","Nguyễn Thanh Hùng","Hùng.NThanh"
"571","THCS_DocBinhKieu","6","6A5","7","Chieu","5","Sinh hoạt lớp","Lê Kim Ngân","Ngân.LK"
"572","THCS_DocBinhKieu","6","6A6","2","Chieu","1","Khoa học tự nhiên","Hồ Thị Ngọc Tài","Tài.HTN"
"573","THCS_DocBinhKieu","6","6A6","2","Chieu","2","Giáo dục thể chất","Nguyễn Thanh Hùng","Hùng.NThanh"
"574","THCS_DocBinhKieu","6","6A6","2","Chieu","3","Ngữ văn","Hứa Thùy Dương","Dương.HT"
"575","THCS_DocBinhKieu","6","6A6","2","Chieu","4","Toán học","Lê Thị Bình","Bình.LT"
"576","THCS_DocBinhKieu","6","6A6","2","Chieu","5","Chào cờ","Lê Thị Bình","Bình.LT"
"577","THCS_DocBinhKieu","6","6A6","3","Chieu","1","Toán học","Lê Thị Bình","Bình.LT"
"578","THCS_DocBinhKieu","6","6A6","3","Chieu","2","Giáo dục thể chất","Nguyễn Thanh Hùng","Hùng.NThanh"
"579","THCS_DocBinhKieu","6","6A6","3","Chieu","3","Lịch sử","Nguyễn Quốc Tấn","Tấn.NQ"
"580","THCS_DocBinhKieu","6","6A6","3","Chieu","4","Tiếng Anh","Trần Thanh Hậu","Hậu.TT"
"581","THCS_DocBinhKieu","6","6A6","3","Chieu","5","Mỹ thuật","Trần Thị Mỹ Quốc","Quốc.TTM"
"582","THCS_DocBinhKieu","6","6A6","4","Chieu","1","Khoa học tự nhiên","Hồ Thị Ngọc Tài","Tài.HTN"
"583","THCS_DocBinhKieu","6","6A6","4","Sang","1","HĐTNHN (Quy mô lớp)","Lê Thị Bình","Bình.LT"
"584","THCS_DocBinhKieu","6","6A6","4","Chieu","2","Khoa học tự nhiên","Hồ Thị Ngọc Tài","Tài.HTN"
"585","THCS_DocBinhKieu","6","6A6","4","Sang","2","HĐTNHN (Chuyên đề)","Lê Kim Ngân","Ngân.LK"
"586","THCS_DocBinhKieu","6","6A6","4","Chieu","3","Ngữ văn","Hứa Thùy Dương","Dương.HT"
"587","THCS_DocBinhKieu","6","6A6","4","Chieu","4","Ngữ văn","Hứa Thùy Dương","Dương.HT"
"588","THCS_DocBinhKieu","6","6A6","4","Chieu","5","Âm nhạc","Nguyễn Anh Văn","Văn.NA"
"589","THCS_DocBinhKieu","6","6A6","5","Chieu","1","Khoa học tự nhiên","Hồ Thị Ngọc Tài","Tài.HTN"
"590","THCS_DocBinhKieu","6","6A6","5","Chieu","2","Ngữ văn","Hứa Thùy Dương","Dương.HT"
"591","THCS_DocBinhKieu","6","6A6","6","Chieu","1","Toán học","Lê Thị Bình","Bình.LT"
"592","THCS_DocBinhKieu","6","6A6","6","Chieu","2","Toán học","Lê Thị Bình","Bình.LT"
"593","THCS_DocBinhKieu","6","6A6","6","Chieu","3","Giáo dục công dân","Lê Hồng Thúy","Thúy.LH"
"594","THCS_DocBinhKieu","6","6A6","6","Chieu","4","Địa lí","Trần Phước Hòa","Hòa.TP"
"595","THCS_DocBinhKieu","6","6A6","6","Chieu","5","Lịch sử","Nguyễn Quốc Tấn","Tấn.NQ"
"596","THCS_DocBinhKieu","6","6A6","7","Chieu","1","Tiếng Anh","Trần Thanh Hậu","Hậu.TT"
"597","THCS_DocBinhKieu","6","6A6","7","Chieu","2","Tiếng Anh","Trần Thanh Hậu","Hậu.TT"
"598","THCS_DocBinhKieu","6","6A6","7","Chieu","3","Tin học","Bùi Kim Phướng","Phướng.BK"
"599","THCS_DocBinhKieu","6","6A6","7","Chieu","4","Công nghệ","Lê Kim Ngân","Ngân.LK"
"600","THCS_DocBinhKieu","6","6A6","7","Chieu","5","Sinh hoạt lớp","Lê Thị Bình","Bình.LT"
"601","THCS_TanKieu","6","6A7","2","Chieu","1","Tin học","Lê Phước Hậu","Hậu.LP"
"602","THCS_TanKieu","6","6A7","2","Sang","1","HĐTNHN (Chuyên đề)","Nguyễn Thị Ngọc Diễm","Diễm.NTN"
"603","THCS_TanKieu","6","6A7","2","Chieu","2","Giáo dục công dân","Nguyễn Mỹ Ngân","Ngân.NM"
"604","THCS_TanKieu","6","6A7","2","Sang","2","HĐTNHN (Quy mô lớp)","Nguyễn Thị Ngọc Diễm","Diễm.NTN"
"605","THCS_TanKieu","6","6A7","2","Chieu","3","Ngữ văn","Nguyễn Hiền Vi","Vi.NH"
"606","THCS_TanKieu","6","6A7","2","Chieu","4","Ngữ văn","Nguyễn Hiền Vi","Vi.NH"
"607","THCS_TanKieu","6","6A7","2","Chieu","5","Chào cờ","Nguyễn Thị Kim Sang","Sang.NTK"
"608","THCS_TanKieu","6","6A7","3","Chieu","1","Ngữ văn","Nguyễn Hiền Vi","Vi.NH"
"609","THCS_TanKieu","6","6A7","3","Chieu","2","Khoa học tự nhiên","Nguyễn Thị Lụa","Lụa.NT"
"610","THCS_TanKieu","6","6A7","3","Chieu","3","Khoa học tự nhiên","Nguyễn Thị Lụa","Lụa.NT"
"611","THCS_TanKieu","6","6A7","3","Chieu","4","Công nghệ","Nguyễn Thị Ngọc Diễm","Diễm.NTN"
"612","THCS_TanKieu","6","6A7","3","Chieu","5","Tiếng Anh","Lê Minh Thành","Thành.LM"
"613","THCS_TanKieu","6","6A7","4","Chieu","1","Khoa học tự nhiên","Nguyễn Thị Lụa","Lụa.NT"
"614","THCS_TanKieu","6","6A7","4","Chieu","2","Lịch sử","Châu Thị Kim Hà","Hà.CTK"
"615","THCS_TanKieu","6","6A7","4","Chieu","3","Ngữ văn","Nguyễn Hiền Vi","Vi.NH"
"616","THCS_TanKieu","6","6A7","4","Chieu","4","Toán học","Trần Văn Nhuận","Nhuận.TV"
"617","THCS_TanKieu","6","6A7","4","Chieu","5","Toán học","Trần Văn Nhuận","Nhuận.TV"
"618","THCS_TanKieu","6","6A7","5","Chieu","1","Mỹ thuật","Trần Thị Mỹ Quốc","Quốc.TTM"
"619","THCS_TanKieu","6","6A7","5","Chieu","2","Toán học","Trần Văn Nhuận","Nhuận.TV"
"620","THCS_TanKieu","6","6A7","6","Chieu","1","Lịch sử","Châu Thị Kim Hà","Hà.CTK"
"621","THCS_TanKieu","6","6A7","6","Chieu","2","Khoa học tự nhiên","Nguyễn Thị Lụa","Lụa.NT"
"622","THCS_TanKieu","6","6A7","6","Chieu","3","Âm nhạc","Nguyễn Anh Văn","Văn.NA"
"623","THCS_TanKieu","6","6A7","6","Chieu","4","Tiếng Anh","Lê Minh Thành","Thành.LM"
"624","THCS_TanKieu","6","6A7","6","Chieu","5","Tiếng Anh","Lê Minh Thành","Thành.LM"
"625","THCS_TanKieu","6","6A7","7","Chieu","1","Địa lí","Nguyễn Thị Kim Sang","Sang.NTK"
"626","THCS_TanKieu","6","6A7","7","Chieu","2","Toán học","Trần Văn Nhuận","Nhuận.TV"
"627","THCS_TanKieu","6","6A7","7","Chieu","3","Giáo dục thể chất","Lê Thị Ngọc Điệp","Điệp.LTN"
"628","THCS_TanKieu","6","6A7","7","Chieu","4","Giáo dục thể chất","Lê Thị Ngọc Điệp","Điệp.LTN"
"629","THCS_TanKieu","6","6A7","7","Chieu","5","Sinh hoạt lớp","Nguyễn Thị Kim Sang","Sang.NTK"
"630","THCS_TanKieu","6","6A8","2","Chieu","1","Toán học","Trần Văn Nhuận","Nhuận.TV"
"631","THCS_TanKieu","6","6A8","2","Chieu","2","Toán học","Trần Văn Nhuận","Nhuận.TV"
"632","THCS_TanKieu","6","6A8","2","Chieu","3","Khoa học tự nhiên","Nguyễn Thị Lụa","Lụa.NT"
"633","THCS_TanKieu","6","6A8","2","Chieu","4","Địa lí","Nguyễn Thị Kim Sang","Sang.NTK"
"634","THCS_TanKieu","6","6A8","2","Chieu","5","Chào cờ","Lê Thị Ngọc Điệp","Điệp.LTN"
"635","THCS_TanKieu","6","6A8","3","Chieu","1","Giáo dục công dân","Nguyễn Mỹ Ngân","Ngân.NM"
"636","THCS_TanKieu","6","6A8","3","Sang","1","HĐTNHN (Chuyên đề)","Nguyễn Thị Ngọc Diễm","Diễm.NTN"
"637","THCS_TanKieu","6","6A8","3","Chieu","2","Tin học","Lê Phước Hậu","Hậu.LP"
"638","THCS_TanKieu","6","6A8","3","Sang","2","HĐTNHN (Quy mô lớp)","Nguyễn Thị Ngọc Diễm","Diễm.NTN"
"639","THCS_TanKieu","6","6A8","3","Chieu","3","Ngữ văn","Nguyễn Hiền Vi","Vi.NH"
"640","THCS_TanKieu","6","6A8","3","Chieu","4","Giáo dục thể chất","Lê Thị Ngọc Điệp","Điệp.LTN"
"641","THCS_TanKieu","6","6A8","3","Chieu","5","Giáo dục thể chất","Lê Thị Ngọc Điệp","Điệp.LTN"
"642","THCS_TanKieu","6","6A8","4","Chieu","1","Mỹ thuật","Trần Thị Mỹ Quốc","Quốc.TTM"
"643","THCS_TanKieu","6","6A8","4","Chieu","2","Khoa học tự nhiên","Nguyễn Thị Lụa","Lụa.NT"
"644","THCS_TanKieu","6","6A8","4","Chieu","3","Khoa học tự nhiên","Nguyễn Thị Lụa","Lụa.NT"
"645","THCS_TanKieu","6","6A8","4","Chieu","4","Ngữ văn","Nguyễn Hiền Vi","Vi.NH"
"646","THCS_TanKieu","6","6A8","4","Chieu","5","Ngữ văn","Nguyễn Hiền Vi","Vi.NH"
"647","THCS_TanKieu","6","6A8","5","Chieu","1","Toán học","Trần Văn Nhuận","Nhuận.TV"
"648","THCS_TanKieu","6","6A8","5","Chieu","2","Tiếng Anh","Lê Thị Ngọc Tuyền","Tuyền.LTN"
"649","THCS_TanKieu","6","6A8","6","Chieu","1","Âm nhạc","Nguyễn Anh Văn","Văn.NA"
"650","THCS_TanKieu","6","6A8","6","Chieu","2","Lịch sử","Châu Thị Kim Hà","Hà.CTK"
"651","THCS_TanKieu","6","6A8","6","Chieu","3","Khoa học tự nhiên","Nguyễn Thị Lụa","Lụa.NT"
"652","THCS_TanKieu","6","6A8","6","Chieu","4","Tiếng Anh","Lê Thị Ngọc Tuyền","Tuyền.LTN"
"653","THCS_TanKieu","6","6A8","6","Chieu","5","Tiếng Anh","Lê Thị Ngọc Tuyền","Tuyền.LTN"
"654","THCS_TanKieu","6","6A8","7","Chieu","1","Lịch sử","Châu Thị Kim Hà","Hà.CTK"
"655","THCS_TanKieu","6","6A8","7","Chieu","2","Ngữ văn","Nguyễn Hiền Vi","Vi.NH"
"656","THCS_TanKieu","6","6A8","7","Chieu","3","Toán học","Trần Văn Nhuận","Nhuận.TV"
"657","THCS_TanKieu","6","6A8","7","Chieu","4","Công nghệ","Nguyễn Thị Ngọc Diễm","Diễm.NTN"
"658","THCS_TanKieu","6","6A8","7","Chieu","5","Sinh hoạt lớp","Lê Thị Ngọc Điệp","Điệp.LTN"
"659","THCS_TanKieu","6","6A9","2","Chieu","1","Toán học","Nguyễn Thành Tín","Tín.NT"
"660","THCS_TanKieu","6","6A9","2","Chieu","2","Toán học","Nguyễn Thành Tín","Tín.NT"
"661","THCS_TanKieu","6","6A9","2","Chieu","3","Giáo dục thể chất","Lê Thị Ngọc Điệp","Điệp.LTN"
"662","THCS_TanKieu","6","6A9","2","Chieu","4","Giáo dục thể chất","Lê Thị Ngọc Điệp","Điệp.LTN"
"663","THCS_TanKieu","6","6A9","2","Chieu","5","Chào cờ","Nguyễn Thị Ngọc Diễm","Diễm.NTN"
"664","THCS_TanKieu","6","6A9","3","Chieu","1","Toán học","Nguyễn Thành Tín","Tín.NT"
"665","THCS_TanKieu","6","6A9","3","Chieu","2","Toán học","Nguyễn Thành Tín","Tín.NT"
"666","THCS_TanKieu","6","6A9","3","Chieu","3","Công nghệ","Nguyễn Thị Ngọc Diễm","Diễm.NTN"
"667","THCS_TanKieu","6","6A9","3","Chieu","4","Khoa học tự nhiên","Nguyễn Thị Bích Phượng","Phượng.NTB"
"668","THCS_TanKieu","6","6A9","3","Chieu","5","Khoa học tự nhiên","Nguyễn Thị Bích Phượng","Phượng.NTB"
"669","THCS_TanKieu","6","6A9","4","Chieu","1","Tin học","Lê Phước Hậu","Hậu.LP"
"670","THCS_TanKieu","6","6A9","4","Sang","1","HĐTNHN (Chuyên đề)","Nguyễn Thị Ngọc Diễm","Diễm.NTN"
"671","THCS_TanKieu","6","6A9","4","Chieu","2","Mỹ thuật","Trần Thị Mỹ Quốc","Quốc.TTM"
"672","THCS_TanKieu","6","6A9","4","Sang","2","HĐTNHN (Quy mô lớp)","Nguyễn Thị Ngọc Diễm","Diễm.NTN"
"673","THCS_TanKieu","6","6A9","4","Chieu","3","Khoa học tự nhiên","Nguyễn Thị Bích Phượng","Phượng.NTB"
"674","THCS_TanKieu","6","6A9","4","Chieu","4","Khoa học tự nhiên","Nguyễn Thị Bích Phượng","Phượng.NTB"
"675","THCS_TanKieu","6","6A9","4","Chieu","5","Giáo dục công dân","Nguyễn Mỹ Ngân","Ngân.NM"
"676","THCS_TanKieu","6","6A9","5","Chieu","1","Tiếng Anh","Lê Thị Ngọc Tuyền","Tuyền.LTN"
"677","THCS_TanKieu","6","6A9","5","Chieu","2","Âm nhạc","Nguyễn Anh Văn","Văn.NA"
"678","THCS_TanKieu","6","6A9","6","Chieu","1","Tiếng Anh","Lê Thị Ngọc Tuyền","Tuyền.LTN"
"679","THCS_TanKieu","6","6A9","6","Chieu","2","Tiếng Anh","Lê Thị Ngọc Tuyền","Tuyền.LTN"
"680","THCS_TanKieu","6","6A9","6","Chieu","3","Lịch sử","Châu Thị Kim Hà","Hà.CTK"
"681","THCS_TanKieu","6","6A9","6","Chieu","4","Ngữ văn","Huỳnh Thị Vân Nhi","Nhi.HTV"
"682","THCS_TanKieu","6","6A9","6","Chieu","5","Ngữ văn","Huỳnh Thị Vân Nhi","Nhi.HTV"
"683","THCS_TanKieu","6","6A9","7","Chieu","1","Ngữ văn","Huỳnh Thị Vân Nhi","Nhi.HTV"
"684","THCS_TanKieu","6","6A9","7","Chieu","2","Ngữ văn","Huỳnh Thị Vân Nhi","Nhi.HTV"
"685","THCS_TanKieu","6","6A9","7","Chieu","3","Lịch sử","Châu Thị Kim Hà","Hà.CTK"
"686","THCS_TanKieu","6","6A9","7","Chieu","4","Địa lí","Nguyễn Thị Kim Sang","Sang.NTK"
"687","THCS_TanKieu","6","6A9","7","Chieu","5","Sinh hoạt lớp","Nguyễn Thị Ngọc Diễm","Diễm.NTN"
"688","THCS_DocBinhKieu","7","7A1","2","Chieu","1","Giáo dục công dân","Lê Hồng Thúy","Thúy.LH"
"689","THCS_DocBinhKieu","7","7A1","2","Sang","1","HĐTNHN (Quy mô lớp)","Nguyễn Văn Ngoan","Ngoan.NV"
"690","THCS_DocBinhKieu","7","7A1","2","Chieu","2","Địa lí","Nguyễn Thị Kim Đỉnh","Đỉnh.NTK"
"691","THCS_DocBinhKieu","7","7A1","2","Sang","2","HĐTNHN (Chuyên đề)","Bùi Kim Phướng","Phướng.BK"
"692","THCS_DocBinhKieu","7","7A1","2","Chieu","3","Khoa học tự nhiên","Nguyễn Thị Hiếu","Hiếu.NT"
"693","THCS_DocBinhKieu","7","7A1","2","Chieu","4","Toán học","Nguyễn Văn Ngoan","Ngoan.NV"
"694","THCS_DocBinhKieu","7","7A1","2","Chieu","5","Chào cờ","Nguyễn Văn Ngoan","Ngoan.NV"
"695","THCS_DocBinhKieu","7","7A1","3","Chieu","1","Tiếng Anh","Nguyễn Thị Mai Khanh","Khanh.NTM"
"696","THCS_DocBinhKieu","7","7A1","3","Chieu","2","Tiếng Anh","Nguyễn Thị Mai Khanh","Khanh.NTM"
"697","THCS_DocBinhKieu","7","7A1","3","Chieu","3","Tin học","Mai Phước Lộc","Lộc.MP"
"698","THCS_DocBinhKieu","7","7A1","3","Chieu","4","Ngữ văn","Lê Thị Hoài An","An.LTH"
"699","THCS_DocBinhKieu","7","7A1","3","Chieu","5","Ngữ văn","Lê Thị Hoài An","An.LTH"
"700","THCS_DocBinhKieu","7","7A1","4","Chieu","1","Khoa học tự nhiên","Nguyễn Thị Hiếu","Hiếu.NT"
"701","THCS_DocBinhKieu","7","7A1","4","Chieu","2","Khoa học tự nhiên","Nguyễn Thị Hiếu","Hiếu.NT"
"702","THCS_DocBinhKieu","7","7A1","4","Chieu","3","Tiếng Anh","Nguyễn Thị Mai Khanh","Khanh.NTM"
"703","THCS_DocBinhKieu","7","7A1","4","Chieu","4","Giáo dục thể chất","Lê Văn Nguyên","Nguyên.LV"
"704","THCS_DocBinhKieu","7","7A1","4","Chieu","5","Giáo dục thể chất","Lê Văn Nguyên","Nguyên.LV"
"705","THCS_DocBinhKieu","7","7A1","5","Chieu","1","Lịch sử","Lê Thị Kim The","The.LTK"
"706","THCS_DocBinhKieu","7","7A1","5","Chieu","2","Âm nhạc","Lê Thị Tuyết Xanh","Xanh.LTT"
"707","THCS_DocBinhKieu","7","7A1","6","Chieu","1","Mỹ thuật","Lê Minh Đạt","Đạt.LM"
"708","THCS_DocBinhKieu","7","7A1","6","Chieu","2","Công nghệ","Trần Thị Cẩm","Cẩm.TT"
"709","THCS_DocBinhKieu","7","7A1","6","Chieu","3","Toán học","Nguyễn Văn Ngoan","Ngoan.NV"
"710","THCS_DocBinhKieu","7","7A1","6","Chieu","4","Toán học","Nguyễn Văn Ngoan","Ngoan.NV"
"711","THCS_DocBinhKieu","7","7A1","6","Chieu","5","Lịch sử","Lê Thị Kim The","The.LTK"
"712","THCS_DocBinhKieu","7","7A1","7","Chieu","1","Ngữ văn","Lê Thị Hoài An","An.LTH"
"713","THCS_DocBinhKieu","7","7A1","7","Chieu","2","Ngữ văn","Lê Thị Hoài An","An.LTH"
"714","THCS_DocBinhKieu","7","7A1","7","Chieu","3","Khoa học tự nhiên","Nguyễn Thị Hiếu","Hiếu.NT"
"715","THCS_DocBinhKieu","7","7A1","7","Chieu","4","Toán học","Nguyễn Văn Ngoan","Ngoan.NV"
"716","THCS_DocBinhKieu","7","7A1","7","Chieu","5","Sinh hoạt lớp","Nguyễn Văn Ngoan","Ngoan.NV"
"717","THCS_DocBinhKieu","7","7A2","2","Chieu","1","Địa lí","Nguyễn Thị Kim Đỉnh","Đỉnh.NTK"
"718","THCS_DocBinhKieu","7","7A2","2","Chieu","2","Toán học","Nguyễn Văn Tới","Tới.NV"
"719","THCS_DocBinhKieu","7","7A2","2","Chieu","3","Toán học","Nguyễn Văn Tới","Tới.NV"
"720","THCS_DocBinhKieu","7","7A2","2","Chieu","4","Khoa học tự nhiên","Nguyễn Thị Hiếu","Hiếu.NT"
"721","THCS_DocBinhKieu","7","7A2","2","Chieu","5","Chào cờ","Mai Phước Lộc","Lộc.MP"
"722","THCS_DocBinhKieu","7","7A2","3","Chieu","1","Ngữ văn","Hứa Thùy Dương","Dương.HT"
"723","THCS_DocBinhKieu","7","7A2","3","Sang","1","HĐTNHN (Chuyên đề)","Trần Thị Cẩm","Cẩm.TT"
"724","THCS_DocBinhKieu","7","7A2","3","Chieu","2","Giáo dục công dân","Lê Hồng Thúy","Thúy.LH"
"725","THCS_DocBinhKieu","7","7A2","3","Sang","2","HĐTNHN (Quy mô lớp)","Mai Phước Lộc","Lộc.MP"
"726","THCS_DocBinhKieu","7","7A2","3","Chieu","3","Lịch sử","Lê Thị Kim The","The.LTK"
"727","THCS_DocBinhKieu","7","7A2","3","Chieu","4","Tiếng Anh","Nguyễn Thị Thùy Dương","Dương.NTT"
"728","THCS_DocBinhKieu","7","7A2","3","Chieu","5","Tiếng Anh","Nguyễn Thị Thùy Dương","Dương.NTT"
"729","THCS_DocBinhKieu","7","7A2","4","Chieu","1","Ngữ văn","Hứa Thùy Dương","Dương.HT"
"730","THCS_DocBinhKieu","7","7A2","4","Chieu","2","Ngữ văn","Hứa Thùy Dương","Dương.HT"
"731","THCS_DocBinhKieu","7","7A2","4","Chieu","3","Khoa học tự nhiên","Nguyễn Thị Hiếu","Hiếu.NT"
"732","THCS_DocBinhKieu","7","7A2","4","Chieu","4","Âm nhạc","Lê Thị Tuyết Xanh","Xanh.LTT"
"733","THCS_DocBinhKieu","7","7A2","4","Chieu","5","Lịch sử","Lê Thị Kim The","The.LTK"
"734","THCS_DocBinhKieu","7","7A2","5","Chieu","1","Ngữ văn","Hứa Thùy Dương","Dương.HT"
"735","THCS_DocBinhKieu","7","7A2","5","Chieu","2","Tiếng Anh","Nguyễn Thị Thùy Dương","Dương.NTT"
"736","THCS_DocBinhKieu","7","7A2","6","Chieu","1","Công nghệ","Trần Thị Cẩm","Cẩm.TT"
"737","THCS_DocBinhKieu","7","7A2","6","Chieu","2","Giáo dục thể chất","Lê Văn Nguyên","Nguyên.LV"
"738","THCS_DocBinhKieu","7","7A2","6","Chieu","3","Giáo dục thể chất","Lê Văn Nguyên","Nguyên.LV"
"739","THCS_DocBinhKieu","7","7A2","6","Chieu","4","Toán học","Nguyễn Văn Tới","Tới.NV"
"740","THCS_DocBinhKieu","7","7A2","6","Chieu","5","Toán học","Nguyễn Văn Tới","Tới.NV"
"741","THCS_DocBinhKieu","7","7A2","7","Chieu","1","Khoa học tự nhiên","Nguyễn Thị Hiếu","Hiếu.NT"
"742","THCS_DocBinhKieu","7","7A2","7","Chieu","2","Khoa học tự nhiên","Nguyễn Thị Hiếu","Hiếu.NT"
"743","THCS_DocBinhKieu","7","7A2","7","Chieu","3","Mỹ thuật","Lê Minh Đạt","Đạt.LM"
"744","THCS_DocBinhKieu","7","7A2","7","Chieu","4","Tin học","Mai Phước Lộc","Lộc.MP"
"745","THCS_DocBinhKieu","7","7A2","7","Chieu","5","Sinh hoạt lớp","Mai Phước Lộc","Lộc.MP"
"746","THCS_DocBinhKieu","7","7A3","2","Chieu","1","Ngữ văn","Hứa Thùy Dương","Dương.HT"
"747","THCS_DocBinhKieu","7","7A3","2","Sang","1","HĐTNHN (Quy mô lớp)","Nguyễn Quốc Nguyễn","Nguyễn.NQ"
"748","THCS_DocBinhKieu","7","7A3","2","Chieu","2","Ngữ văn","Hứa Thùy Dương","Dương.HT"
"749","THCS_DocBinhKieu","7","7A3","2","Sang","2","HĐTNHN (Chuyên đề)","Trần Thị Cẩm","Cẩm.TT"
"750","THCS_DocBinhKieu","7","7A3","2","Chieu","3","Khoa học tự nhiên","Nguyễn Thị Cẩm Nhung","Nhung.NTC"
"751","THCS_DocBinhKieu","7","7A3","2","Chieu","4","Toán học","Nguyễn Quốc Nguyễn","Nguyễn.NQ"
"752","THCS_DocBinhKieu","7","7A3","2","Chieu","5","Chào cờ","Nguyễn Quốc Nguyễn","Nguyễn.NQ"
"753","THCS_DocBinhKieu","7","7A3","3","Chieu","1","Tin học","Mai Phước Lộc","Lộc.MP"
"754","THCS_DocBinhKieu","7","7A3","3","Chieu","2","Ngữ văn","Hứa Thùy Dương","Dương.HT"
"755","THCS_DocBinhKieu","7","7A3","3","Chieu","3","Giáo dục công dân","Lê Hồng Thúy","Thúy.LH"
"756","THCS_DocBinhKieu","7","7A3","3","Chieu","4","Lịch sử","Lê Thị Kim The","The.LTK"
"757","THCS_DocBinhKieu","7","7A3","3","Chieu","5","Mỹ thuật","Lê Minh Đạt","Đạt.LM"
"758","THCS_DocBinhKieu","7","7A3","4","Chieu","1","Khoa học tự nhiên","Nguyễn Thị Cẩm Nhung","Nhung.NTC"
"759","THCS_DocBinhKieu","7","7A3","4","Chieu","2","Toán học","Nguyễn Quốc Nguyễn","Nguyễn.NQ"
"760","THCS_DocBinhKieu","7","7A3","4","Chieu","3","Toán học","Nguyễn Quốc Nguyễn","Nguyễn.NQ"
"761","THCS_DocBinhKieu","7","7A3","4","Chieu","4","Tiếng Anh","Nguyễn Thị Mai Khanh","Khanh.NTM"
"762","THCS_DocBinhKieu","7","7A3","4","Chieu","5","Âm nhạc","Lê Thị Tuyết Xanh","Xanh.LTT"
"763","THCS_DocBinhKieu","7","7A3","5","Chieu","1","Địa lí","Nguyễn Thị Kim Đỉnh","Đỉnh.NTK"
"764","THCS_DocBinhKieu","7","7A3","5","Chieu","2","Lịch sử","Lê Thị Kim The","The.LTK"
"765","THCS_DocBinhKieu","7","7A3","6","Chieu","1","Ngữ văn","Hứa Thùy Dương","Dương.HT"
"766","THCS_DocBinhKieu","7","7A3","6","Chieu","2","Tiếng Anh","Nguyễn Thị Mai Khanh","Khanh.NTM"
"767","THCS_DocBinhKieu","7","7A3","6","Chieu","3","Tiếng Anh","Nguyễn Thị Mai Khanh","Khanh.NTM"
"768","THCS_DocBinhKieu","7","7A3","6","Chieu","4","Giáo dục thể chất","Lê Văn Nguyên","Nguyên.LV"
"769","THCS_DocBinhKieu","7","7A3","6","Chieu","5","Giáo dục thể chất","Lê Văn Nguyên","Nguyên.LV"
"770","THCS_DocBinhKieu","7","7A3","7","Chieu","1","Công nghệ","Trần Thị Cẩm","Cẩm.TT"
"771","THCS_DocBinhKieu","7","7A3","7","Chieu","2","Khoa học tự nhiên","Nguyễn Thị Cẩm Nhung","Nhung.NTC"
"772","THCS_DocBinhKieu","7","7A3","7","Chieu","3","Khoa học tự nhiên","Nguyễn Thị Cẩm Nhung","Nhung.NTC"
"773","THCS_DocBinhKieu","7","7A3","7","Chieu","4","Toán học","Nguyễn Quốc Nguyễn","Nguyễn.NQ"
"774","THCS_DocBinhKieu","7","7A3","7","Chieu","5","Sinh hoạt lớp","Nguyễn Quốc Nguyễn","Nguyễn.NQ"
"775","THCS_DocBinhKieu","7","7A4","2","Chieu","1","Khoa học tự nhiên","Nguyễn Thị Cẩm Nhung","Nhung.NTC"
"776","THCS_DocBinhKieu","7","7A4","2","Chieu","2","Khoa học tự nhiên","Nguyễn Thị Cẩm Nhung","Nhung.NTC"
"777","THCS_DocBinhKieu","7","7A4","2","Chieu","3","Âm nhạc","Lê Thị Tuyết Xanh","Xanh.LTT"
"778","THCS_DocBinhKieu","7","7A4","2","Chieu","4","Tin học","Mai Phước Lộc","Lộc.MP"
"779","THCS_DocBinhKieu","7","7A4","2","Chieu","5","Chào cờ","Lê Ngọc Ẩn","Ẩn.LN"
"780","THCS_DocBinhKieu","7","7A4","3","Chieu","1","Ngữ văn","Nguyễn Thị Kim Xoa","Xoa.NTK"
"781","THCS_DocBinhKieu","7","7A4","3","Sang","1","HĐTNHN (Quy mô lớp)","Lê Ngọc Ẩn","Ẩn.LN"
"782","THCS_DocBinhKieu","7","7A4","3","Chieu","2","Ngữ văn","Nguyễn Thị Kim Xoa","Xoa.NTK"
"783","THCS_DocBinhKieu","7","7A4","3","Sang","2","HĐTNHN (Chuyên đề)","Trần Thị Cẩm","Cẩm.TT"
"784","THCS_DocBinhKieu","7","7A4","3","Chieu","3","Mỹ thuật","Lê Minh Đạt","Đạt.LM"
"785","THCS_DocBinhKieu","7","7A4","3","Chieu","4","Toán học","Lê Văn Toàn","Toàn.LV"
"786","THCS_DocBinhKieu","7","7A4","3","Chieu","5","Toán học","Lê Văn Toàn","Toàn.LV"
"787","THCS_DocBinhKieu","7","7A4","4","Chieu","1","Giáo dục công dân","Lê Hồng Thúy","Thúy.LH"
"788","THCS_DocBinhKieu","7","7A4","4","Chieu","2","Khoa học tự nhiên","Nguyễn Thị Cẩm Nhung","Nhung.NTC"
"789","THCS_DocBinhKieu","7","7A4","4","Chieu","3","Khoa học tự nhiên","Nguyễn Thị Cẩm Nhung","Nhung.NTC"
"790","THCS_DocBinhKieu","7","7A4","4","Chieu","4","Lịch sử","Lê Thị Kim The","The.LTK"
"791","THCS_DocBinhKieu","7","7A4","4","Chieu","5","Ngữ văn","Nguyễn Thị Kim Xoa","Xoa.NTK"
"792","THCS_DocBinhKieu","7","7A4","5","Chieu","1","Tiếng Anh","Nguyễn Thị Thùy Dương","Dương.NTT"
"793","THCS_DocBinhKieu","7","7A4","5","Chieu","2","Địa lí","Nguyễn Thị Kim Đỉnh","Đỉnh.NTK"
"794","THCS_DocBinhKieu","7","7A4","6","Chieu","1","Tiếng Anh","Nguyễn Thị Thùy Dương","Dương.NTT"
"795","THCS_DocBinhKieu","7","7A4","6","Chieu","2","Tiếng Anh","Nguyễn Thị Thùy Dương","Dương.NTT"
"796","THCS_DocBinhKieu","7","7A4","6","Chieu","3","Lịch sử","Lê Thị Kim The","The.LTK"
"797","THCS_DocBinhKieu","7","7A4","6","Chieu","4","Toán học","Lê Văn Toàn","Toàn.LV"
"798","THCS_DocBinhKieu","7","7A4","6","Chieu","5","Toán học","Lê Văn Toàn","Toàn.LV"
"799","THCS_DocBinhKieu","7","7A4","7","Chieu","1","Ngữ văn","Nguyễn Thị Kim Xoa","Xoa.NTK"
"800","THCS_DocBinhKieu","7","7A4","7","Chieu","2","Giáo dục thể chất","Lê Ngọc Ẩn","Ẩn.LN"
"801","THCS_DocBinhKieu","7","7A4","7","Chieu","3","Giáo dục thể chất","Lê Ngọc Ẩn","Ẩn.LN"
"802","THCS_DocBinhKieu","7","7A4","7","Chieu","4","Công nghệ","Trần Thị Cẩm","Cẩm.TT"
"803","THCS_DocBinhKieu","7","7A4","7","Chieu","5","Sinh hoạt lớp","Lê Ngọc Ẩn","Ẩn.LN"
"804","THCS_DocBinhKieu","7","7A5","2","Chieu","1","Khoa học tự nhiên","Nguyễn Thị Hiếu","Hiếu.NT"
"805","THCS_DocBinhKieu","7","7A5","2","Sang","1","HĐTNHN (Chuyên đề)","Trần Thị Cẩm","Cẩm.TT"
"806","THCS_DocBinhKieu","7","7A5","2","Chieu","2","Toán học","Lê Cao Toàn","Toàn.LC"
"807","THCS_DocBinhKieu","7","7A5","2","Sang","2","HĐTNHN (Quy mô lớp)","Lê Thái Phương","Phương.LT"
"808","THCS_DocBinhKieu","7","7A5","2","Chieu","3","Toán học","Lê Cao Toàn","Toàn.LC"
"809","THCS_DocBinhKieu","7","7A5","2","Chieu","4","Công nghệ","Trần Thị Cẩm","Cẩm.TT"
"810","THCS_DocBinhKieu","7","7A5","2","Chieu","5","Chào cờ","Nguyễn Thị Hiếu","Hiếu.NT"
"811","THCS_DocBinhKieu","7","7A5","3","Chieu","1","Âm nhạc","Lê Thị Tuyết Xanh","Xanh.LTT"
"812","THCS_DocBinhKieu","7","7A5","3","Chieu","2","Giáo dục công dân","Nguyễn Thị Xe","Xe.NT"
"813","THCS_DocBinhKieu","7","7A5","3","Chieu","3","Tiếng Anh","Nguyễn Thị Mai Khanh","Khanh.NTM"
"814","THCS_DocBinhKieu","7","7A5","3","Chieu","4","Giáo dục thể chất","Lê Văn Nguyên","Nguyên.LV"
"815","THCS_DocBinhKieu","7","7A5","3","Chieu","5","Giáo dục thể chất","Lê Văn Nguyên","Nguyên.LV"
"816","THCS_DocBinhKieu","7","7A5","4","Chieu","1","Tiếng Anh","Nguyễn Thị Mai Khanh","Khanh.NTM"
"817","THCS_DocBinhKieu","7","7A5","4","Chieu","2","Tiếng Anh","Nguyễn Thị Mai Khanh","Khanh.NTM"
"818","THCS_DocBinhKieu","7","7A5","4","Chieu","3","Ngữ văn","Nguyễn Thị Kim Xoa","Xoa.NTK"
"819","THCS_DocBinhKieu","7","7A5","4","Chieu","4","Toán học","Lê Cao Toàn","Toàn.LC"
"820","THCS_DocBinhKieu","7","7A5","4","Chieu","5","Toán học","Lê Cao Toàn","Toàn.LC"
"821","THCS_DocBinhKieu","7","7A5","5","Chieu","1","Khoa học tự nhiên","Nguyễn Thị Hiếu","Hiếu.NT"
"822","THCS_DocBinhKieu","7","7A5","5","Chieu","2","Khoa học tự nhiên","Nguyễn Thị Hiếu","Hiếu.NT"
"823","THCS_DocBinhKieu","7","7A5","6","Chieu","1","Ngữ văn","Nguyễn Thị Kim Xoa","Xoa.NTK"
"824","THCS_DocBinhKieu","7","7A5","6","Chieu","2","Ngữ văn","Nguyễn Thị Kim Xoa","Xoa.NTK"
"825","THCS_DocBinhKieu","7","7A5","6","Chieu","3","Mỹ thuật","Lê Minh Đạt","Đạt.LM"
"826","THCS_DocBinhKieu","7","7A5","6","Chieu","4","Lịch sử","Lê Thị Kim The","The.LTK"
"827","THCS_DocBinhKieu","7","7A5","6","Chieu","5","Địa lí","Ngô Anh Tuấn","Tuấn.NA"
"828","THCS_DocBinhKieu","7","7A5","7","Chieu","1","Lịch sử","Lê Thị Kim The","The.LTK"
"829","THCS_DocBinhKieu","7","7A5","7","Chieu","2","Ngữ văn","Nguyễn Thị Kim Xoa","Xoa.NTK"
"830","THCS_DocBinhKieu","7","7A5","7","Chieu","3","Tin học","Mai Phước Lộc","Lộc.MP"
"831","THCS_DocBinhKieu","7","7A5","7","Chieu","4","Khoa học tự nhiên","Nguyễn Thị Hiếu","Hiếu.NT"
"832","THCS_DocBinhKieu","7","7A5","7","Chieu","5","Sinh hoạt lớp","Nguyễn Thị Hiếu","Hiếu.NT"
"833","THCS_DocBinhKieu","7","7A6","2","Chieu","1","Khoa học tự nhiên","Võ Hoàng Toàn","Toàn.VH"
"834","THCS_DocBinhKieu","7","7A6","2","Chieu","2","Khoa học tự nhiên","Võ Hoàng Toàn","Toàn.VH"
"835","THCS_DocBinhKieu","7","7A6","2","Chieu","3","Tiếng Anh","Nguyễn Thị Thùy Dương","Dương.NTT"
"836","THCS_DocBinhKieu","7","7A6","2","Chieu","4","Tiếng Anh","Nguyễn Thị Thùy Dương","Dương.NTT"
"837","THCS_DocBinhKieu","7","7A6","2","Chieu","5","Chào cờ","Trần Thị Cẩm","Cẩm.TT"
"838","THCS_DocBinhKieu","7","7A6","3","Chieu","1","Giáo dục công dân","Nguyễn Thị Xe","Xe.NT"
"839","THCS_DocBinhKieu","7","7A6","3","Chieu","2","Âm nhạc","Lê Thị Tuyết Xanh","Xanh.LTT"
"840","THCS_DocBinhKieu","7","7A6","3","Chieu","3","Tiếng Anh","Nguyễn Thị Thùy Dương","Dương.NTT"
"841","THCS_DocBinhKieu","7","7A6","3","Chieu","4","Toán học","Trần Văn Giang","Giang.TV"
"842","THCS_DocBinhKieu","7","7A6","3","Chieu","5","Toán học","Trần Văn Giang","Giang.TV"
"843","THCS_DocBinhKieu","7","7A6","4","Chieu","1","Ngữ văn","Lê Thị Hoài An","An.LTH"
"844","THCS_DocBinhKieu","7","7A6","4","Chieu","2","Ngữ văn","Lê Thị Hoài An","An.LTH"
"845","THCS_DocBinhKieu","7","7A6","4","Chieu","3","Lịch sử","Lê Thị Kim The","The.LTK"
"846","THCS_DocBinhKieu","7","7A6","4","Chieu","4","Giáo dục thể chất","Nguyễn Thanh Hùng","Hùng.NThanh"
"847","THCS_DocBinhKieu","7","7A6","4","Chieu","5","Giáo dục thể chất","Nguyễn Thanh Hùng","Hùng.NThanh"
"848","THCS_DocBinhKieu","7","7A6","5","Chieu","1","Ngữ văn","Lê Thị Hoài An","An.LTH"
"849","THCS_DocBinhKieu","7","7A6","5","Chieu","2","Ngữ văn","Lê Thị Hoài An","An.LTH"
"850","THCS_DocBinhKieu","7","7A6","6","Chieu","1","Khoa học tự nhiên","Võ Hoàng Toàn","Toàn.VH"
"851","THCS_DocBinhKieu","7","7A6","6","Sang","1","HĐTNHN (Quy mô lớp)","Trần Thị Cẩm","Cẩm.TT"
"852","THCS_DocBinhKieu","7","7A6","6","Chieu","2","Khoa học tự nhiên","Võ Hoàng Toàn","Toàn.VH"
"853","THCS_DocBinhKieu","7","7A6","6","Sang","2","HĐTNHN (Chuyên đề)","Trần Thị Cẩm","Cẩm.TT"
"854","THCS_DocBinhKieu","7","7A6","6","Chieu","3","Địa lí","Ngô Anh Tuấn","Tuấn.NA"
"855","THCS_DocBinhKieu","7","7A6","6","Chieu","4","Toán học","Trần Văn Giang","Giang.TV"
"856","THCS_DocBinhKieu","7","7A6","6","Chieu","5","Toán học","Trần Văn Giang","Giang.TV"
"857","THCS_DocBinhKieu","7","7A6","7","Chieu","1","Tin học","Mai Phước Lộc","Lộc.MP"
"858","THCS_DocBinhKieu","7","7A6","7","Chieu","2","Lịch sử","Lê Thị Kim The","The.LTK"
"859","THCS_DocBinhKieu","7","7A6","7","Chieu","3","Công nghệ","Trần Thị Cẩm","Cẩm.TT"
"860","THCS_DocBinhKieu","7","7A6","7","Chieu","4","Mỹ thuật","Lê Minh Đạt","Đạt.LM"
"861","THCS_DocBinhKieu","7","7A6","7","Chieu","5","Sinh hoạt lớp","Trần Thị Cẩm","Cẩm.TT"
"862","THCS_TanKieu","7","7A7","2","Chieu","1","Ngữ văn","Nguyễn Hiền Vi","Vi.NH"
"863","THCS_TanKieu","7","7A7","2","Sang","1","HĐTNHN (Chuyên đề)","Trần Kim Phương","Phương.TK"
"864","THCS_TanKieu","7","7A7","2","Chieu","2","Ngữ văn","Nguyễn Hiền Vi","Vi.NH"
"865","THCS_TanKieu","7","7A7","2","Sang","2","HĐTNHN (Quy mô lớp)","Trần Kim Phương","Phương.TK"
"866","THCS_TanKieu","7","7A7","2","Chieu","3","Lịch sử và Địa lí","Phạm Thị Mỹ Châu","Châu.PTM"
"867","THCS_TanKieu","7","7A7","2","Chieu","4","Lịch sử và Địa lí","Phạm Thị Mỹ Châu","Châu.PTM"
"868","THCS_TanKieu","7","7A7","2","Chieu","5","Chào cờ","Trần Kim Phương","Phương.TK"
"869","THCS_TanKieu","7","7A7","3","Chieu","1","Lịch sử và Địa lí","Phạm Thị Mỹ Châu","Châu.PTM"
"870","THCS_TanKieu","7","7A7","3","Chieu","2","Ngữ văn","Nguyễn Hiền Vi","Vi.NH"
"871","THCS_TanKieu","7","7A7","3","Chieu","3","Toán học","Huỳnh Thị Huỳnh Nga","Nga.HTH"
"872","THCS_TanKieu","7","7A7","3","Chieu","4","Khoa học tự nhiên","Trần Kim Phương","Phương.TK"
"873","THCS_TanKieu","7","7A7","3","Chieu","5","Khoa học tự nhiên","Trần Kim Phương","Phương.TK"
"874","THCS_TanKieu","7","7A7","4","Chieu","1","Toán học","Huỳnh Thị Huỳnh Nga","Nga.HTH"
"875","THCS_TanKieu","7","7A7","4","Chieu","2","Toán học","Huỳnh Thị Huỳnh Nga","Nga.HTH"
"876","THCS_TanKieu","7","7A7","4","Chieu","3","Tin học","Lê Phước Hậu","Hậu.LP"
"877","THCS_TanKieu","7","7A7","4","Chieu","4","Giáo dục công dân","Nguyễn Mỹ Ngân","Ngân.NM"
"878","THCS_TanKieu","7","7A7","4","Chieu","5","Tiếng Anh","Trương Sơn Bền","Bền.TS"
"879","THCS_TanKieu","7","7A7","5","Chieu","1","Tiếng Anh","Trương Sơn Bền","Bền.TS"
"880","THCS_TanKieu","7","7A7","5","Chieu","2","Tiếng Anh","Trương Sơn Bền","Bền.TS"
"881","THCS_TanKieu","7","7A7","6","Chieu","1","Toán học","Huỳnh Thị Huỳnh Nga","Nga.HTH"
"882","THCS_TanKieu","7","7A7","6","Chieu","2","Công nghệ","Phan Văn Tặt","Tặt.PV"
"883","THCS_TanKieu","7","7A7","6","Chieu","3","Ngữ văn","Nguyễn Hiền Vi","Vi.NH"
"884","THCS_TanKieu","7","7A7","6","Chieu","4","Khoa học tự nhiên","Trần Kim Phương","Phương.TK"
"885","THCS_TanKieu","7","7A7","6","Chieu","5","Khoa học tự nhiên","Trần Kim Phương","Phương.TK"
"886","THCS_TanKieu","7","7A7","7","Chieu","1","Âm nhạc","Nguyễn Anh Văn","Văn.NA"
"887","THCS_TanKieu","7","7A7","7","Chieu","2","Mỹ thuật","Trần Thị Mỹ Quốc","Quốc.TTM"
"888","THCS_TanKieu","7","7A7","7","Chieu","3","Giáo dục thể chất","Lê Văn Chính","Chính.LV"
"889","THCS_TanKieu","7","7A7","7","Chieu","4","Giáo dục thể chất","Lê Văn Chính","Chính.LV"
"890","THCS_TanKieu","7","7A7","7","Chieu","5","Sinh hoạt lớp","Trần Kim Phương","Phương.TK"
"891","THCS_TanKieu","7","7A8","2","Chieu","1","Lịch sử và Địa lí","Phạm Thị Mỹ Châu","Châu.PTM"
"892","THCS_TanKieu","7","7A8","2","Chieu","2","Lịch sử và Địa lí","Phạm Thị Mỹ Châu","Châu.PTM"
"893","THCS_TanKieu","7","7A8","2","Chieu","3","Khoa học tự nhiên","Trần Kim Phương","Phương.TK"
"894","THCS_TanKieu","7","7A8","2","Chieu","4","Khoa học tự nhiên","Trần Kim Phương","Phương.TK"
"895","THCS_TanKieu","7","7A8","2","Chieu","5","Chào cờ","Phạm Thị Mỹ Châu","Châu.PTM"
"896","THCS_TanKieu","7","7A8","3","Chieu","1","Tin học","Lê Phước Hậu","Hậu.LP"
"897","THCS_TanKieu","7","7A8","3","Chieu","2","Giáo dục công dân","Nguyễn Mỹ Ngân","Ngân.NM"
"898","THCS_TanKieu","7","7A8","3","Chieu","3","Lịch sử và Địa lí","Phạm Thị Mỹ Châu","Châu.PTM"
"899","THCS_TanKieu","7","7A8","3","Chieu","4","Toán học","Huỳnh Thị Huỳnh Nga","Nga.HTH"
"900","THCS_TanKieu","7","7A8","3","Chieu","5","Toán học","Huỳnh Thị Huỳnh Nga","Nga.HTH"
"901","THCS_TanKieu","7","7A8","4","Chieu","1","Khoa học tự nhiên","Trần Kim Phương","Phương.TK"
"902","THCS_TanKieu","7","7A8","4","Chieu","2","Khoa học tự nhiên","Trần Kim Phương","Phương.TK"
"903","THCS_TanKieu","7","7A8","4","Chieu","3","Tiếng Anh","Trương Sơn Bền","Bền.TS"
"904","THCS_TanKieu","7","7A8","4","Chieu","4","Toán học","Huỳnh Thị Huỳnh Nga","Nga.HTH"
"905","THCS_TanKieu","7","7A8","4","Chieu","5","Toán học","Huỳnh Thị Huỳnh Nga","Nga.HTH"
"906","THCS_TanKieu","7","7A8","5","Chieu","1","Âm nhạc","Nguyễn Anh Văn","Văn.NA"
"907","THCS_TanKieu","7","7A8","5","Sang","1","HĐTNHN (Chuyên đề)","Phan Văn Tặt","Tặt.PV"
"908","THCS_TanKieu","7","7A8","5","Chieu","2","Mỹ thuật","Trần Thị Mỹ Quốc","Quốc.TTM"
"909","THCS_TanKieu","7","7A8","5","Sang","2","HĐTNHN (Quy mô lớp)","Phan Văn Tặt","Tặt.PV"
"910","THCS_TanKieu","7","7A8","6","Chieu","1","Tiếng Anh","Trương Sơn Bền","Bền.TS"
"911","THCS_TanKieu","7","7A8","6","Chieu","2","Tiếng Anh","Trương Sơn Bền","Bền.TS"
"912","THCS_TanKieu","7","7A8","6","Chieu","3","Công nghệ","Phan Văn Tặt","Tặt.PV"
"913","THCS_TanKieu","7","7A8","6","Chieu","4","Ngữ văn","Nguyễn Hiền Vi","Vi.NH"
"914","THCS_TanKieu","7","7A8","6","Chieu","5","Ngữ văn","Nguyễn Hiền Vi","Vi.NH"
"915","THCS_TanKieu","7","7A8","7","Chieu","1","Giáo dục thể chất","Lê Văn Chính","Chính.LV"
"916","THCS_TanKieu","7","7A8","7","Chieu","2","Giáo dục thể chất","Lê Văn Chính","Chính.LV"
"917","THCS_TanKieu","7","7A8","7","Chieu","3","Ngữ văn","Nguyễn Hiền Vi","Vi.NH"
"918","THCS_TanKieu","7","7A8","7","Chieu","4","Ngữ văn","Nguyễn Hiền Vi","Vi.NH"
"919","THCS_TanKieu","7","7A8","7","Chieu","5","Sinh hoạt lớp","Phạm Thị Mỹ Châu","Châu.PTM"
"920","THCS_TanKieu","7","7A9","2","Chieu","1","Giáo dục công dân","Nguyễn Mỹ Ngân","Ngân.NM"
"921","THCS_TanKieu","7","7A9","2","Sang","1","HĐTNHN (Quy mô lớp)","Phan Văn Tặt","Tặt.PV"
"922","THCS_TanKieu","7","7A9","2","Chieu","2","Tin học","Lê Phước Hậu","Hậu.LP"
"923","THCS_TanKieu","7","7A9","2","Sang","2","HĐTNHN (Chuyên đề)","Phan Văn Tặt","Tặt.PV"
"924","THCS_TanKieu","7","7A9","2","Chieu","3","Giáo dục thể chất","Lê Văn Chính","Chính.LV"
"925","THCS_TanKieu","7","7A9","2","Chieu","4","Giáo dục thể chất","Lê Văn Chính","Chính.LV"
"926","THCS_TanKieu","7","7A9","2","Chieu","5","Chào cờ","Lê Văn Chính","Chính.LV"
"927","THCS_TanKieu","7","7A9","3","Chieu","1","Toán học","Huỳnh Thị Huỳnh Nga","Nga.HTH"
"928","THCS_TanKieu","7","7A9","3","Chieu","2","Toán học","Huỳnh Thị Huỳnh Nga","Nga.HTH"
"929","THCS_TanKieu","7","7A9","3","Chieu","3","Khoa học tự nhiên","Trần Kim Phương","Phương.TK"
"930","THCS_TanKieu","7","7A9","3","Chieu","4","Ngữ văn","Nguyễn Hiền Vi","Vi.NH"
"931","THCS_TanKieu","7","7A9","3","Chieu","5","Ngữ văn","Nguyễn Hiền Vi","Vi.NH"
"932","THCS_TanKieu","7","7A9","4","Chieu","1","Tiếng Anh","Trương Sơn Bền","Bền.TS"
"933","THCS_TanKieu","7","7A9","4","Chieu","2","Tiếng Anh","Trương Sơn Bền","Bền.TS"
"934","THCS_TanKieu","7","7A9","4","Chieu","3","Mỹ thuật","Trần Thị Mỹ Quốc","Quốc.TTM"
"935","THCS_TanKieu","7","7A9","4","Chieu","4","Khoa học tự nhiên","Trần Kim Phương","Phương.TK"
"936","THCS_TanKieu","7","7A9","4","Chieu","5","Khoa học tự nhiên","Trần Kim Phương","Phương.TK"
"937","THCS_TanKieu","7","7A9","5","Chieu","1","Lịch sử và Địa lí","Phạm Thị Mỹ Châu","Châu.PTM"
"938","THCS_TanKieu","7","7A9","5","Chieu","2","Lịch sử và Địa lí","Phạm Thị Mỹ Châu","Châu.PTM"
"939","THCS_TanKieu","7","7A9","6","Chieu","1","Ngữ văn","Nguyễn Hiền Vi","Vi.NH"
"940","THCS_TanKieu","7","7A9","6","Chieu","2","Toán học","Huỳnh Thị Huỳnh Nga","Nga.HTH"
"941","THCS_TanKieu","7","7A9","6","Chieu","3","Toán học","Huỳnh Thị Huỳnh Nga","Nga.HTH"
"942","THCS_TanKieu","7","7A9","6","Chieu","4","Tiếng Anh","Trương Sơn Bền","Bền.TS"
"943","THCS_TanKieu","7","7A9","6","Chieu","5","Công nghệ","Phan Văn Tặt","Tặt.PV"
"944","THCS_TanKieu","7","7A9","7","Chieu","1","Ngữ văn","Nguyễn Hiền Vi","Vi.NH"
"945","THCS_TanKieu","7","7A9","7","Chieu","2","Âm nhạc","Nguyễn Anh Văn","Văn.NA"
"946","THCS_TanKieu","7","7A9","7","Chieu","3","Khoa học tự nhiên","Trần Kim Phương","Phương.TK"
"947","THCS_TanKieu","7","7A9","7","Chieu","4","Lịch sử và Địa lí","Phạm Thị Mỹ Châu","Châu.PTM"
"948","THCS_TanKieu","7","7A9","7","Chieu","5","Sinh hoạt lớp","Lê Văn Chính","Chính.LV"
"949","THCS_DocBinhKieu","8","8A1","2","Sang","1","Chào cờ","Nguyễn Thái Hùng","Hùng.NThái"
"950","THCS_DocBinhKieu","8","8A1","2","Sang","2","Toán học","Nguyễn Thái Hùng","Hùng.NThái"
"951","THCS_DocBinhKieu","8","8A1","2","Sang","3","Công nghệ","Trần Phi Hải","Hải.TP"
"952","THCS_DocBinhKieu","8","8A1","2","Sang","4","Giáo dục công dân","Nguyễn Thị Xe","Xe.NT"
"953","THCS_DocBinhKieu","8","8A1","2","Sang","5","HĐTNHN (Chuyên đề)","Trần Thị Hậu","Hậu.TTH"
"954","THCS_DocBinhKieu","8","8A1","3","Sang","1","Ngữ văn","Lê Thị Hoài An","An.LTH"
"955","THCS_DocBinhKieu","8","8A1","3","Sang","2","Ngữ văn","Lê Thị Hoài An","An.LTH"
"956","THCS_DocBinhKieu","8","8A1","3","Sang","3","Tiếng Anh","Trần Thanh Hậu","Hậu.TT"
"957","THCS_DocBinhKieu","8","8A1","3","Sang","4","Tiếng Anh","Trần Thanh Hậu","Hậu.TT"
"958","THCS_DocBinhKieu","8","8A1","3","Sang","5","Lịch sử","Lê Thị Kim The","The.LTK"
"959","THCS_DocBinhKieu","8","8A1","4","Sang","1","Ngữ văn","Lê Thị Hoài An","An.LTH"
"960","THCS_DocBinhKieu","8","8A1","4","Sang","2","Công nghệ","Trần Phi Hải","Hải.TP"
"961","THCS_DocBinhKieu","8","8A1","4","Sang","3","Giáo dục thể chất","Lê Văn Nguyên","Nguyên.LV"
"962","THCS_DocBinhKieu","8","8A1","4","Sang","4","Giáo dục thể chất","Lê Văn Nguyên","Nguyên.LV"
"963","THCS_DocBinhKieu","8","8A1","4","Sang","5","Lịch sử","Lê Thị Kim The","The.LTK"
"964","THCS_DocBinhKieu","8","8A1","5","Sang","1","Vật lí","Nguyễn Thị Thắm","Thắm.NT"
"965","THCS_DocBinhKieu","8","8A1","5","Sang","2","Vật lí","Nguyễn Thị Thắm","Thắm.NT"
"966","THCS_DocBinhKieu","8","8A1","5","Sang","3","Tiếng Anh","Trần Thanh Hậu","Hậu.TT"
"967","THCS_DocBinhKieu","8","8A1","5","Sang","4","Ngữ văn","Lê Thị Hoài An","An.LTH"
"968","THCS_DocBinhKieu","8","8A1","5","Sang","5","Hóa học","Lê Thái Phương","Phương.LT"
"969","THCS_DocBinhKieu","8","8A1","6","Sang","1","Vật lí","Nguyễn Thị Thắm","Thắm.NT"
"970","THCS_DocBinhKieu","8","8A1","6","Sang","2","Âm nhạc","Lê Thị Tuyết Xanh","Xanh.LTT"
"971","THCS_DocBinhKieu","8","8A1","6","Sang","3","Mỹ thuật","Lê Minh Đạt","Đạt.LM"
"972","THCS_DocBinhKieu","8","8A1","6","Sang","4","Địa lí","Nguyễn Thị Kim Đỉnh","Đỉnh.NTK"
"973","THCS_DocBinhKieu","8","8A1","6","Sang","5","Toán học","Nguyễn Thái Hùng","Hùng.NThái"
"974","THCS_DocBinhKieu","8","8A1","7","Sang","1","Toán học","Nguyễn Thái Hùng","Hùng.NThái"
"975","THCS_DocBinhKieu","8","8A1","7","Sang","2","Toán học","Nguyễn Thái Hùng","Hùng.NThái"
"976","THCS_DocBinhKieu","8","8A1","7","Sang","3","Tin học","Bùi Kim Phướng","Phướng.BK"
"977","THCS_DocBinhKieu","8","8A1","7","Sang","4","HĐTNHN (Quy mô lớp)","Nguyễn Thái Hùng","Hùng.NThái"
"978","THCS_DocBinhKieu","8","8A1","7","Sang","5","Sinh hoạt lớp","Nguyễn Thái Hùng","Hùng.NThái"
"979","THCS_TanKieu","8","8A10","2","Sang","1","Chào cờ","Trần Văn Nhuận","Nhuận.TV"
"980","THCS_TanKieu","8","8A10","2","Sang","2","Giáo dục công dân","Nguyễn Mỹ Ngân","Ngân.NM"
"981","THCS_TanKieu","8","8A10","2","Sang","3","Địa lí","Nguyễn Thị Kim Sang","Sang.NTK"
"982","THCS_TanKieu","8","8A10","2","Sang","4","Giáo dục thể chất","Lê Thị Ngọc Điệp","Điệp.LTN"
"983","THCS_TanKieu","8","8A10","2","Sang","5","Giáo dục thể chất","Lê Thị Ngọc Điệp","Điệp.LTN"
"984","THCS_TanKieu","8","8A10","3","Sang","1","Vật lí","Nguyễn Thị Bích Phượng","Phượng.NTB"
"985","THCS_TanKieu","8","8A10","3","Sang","2","Tin học","Lê Phước Hậu","Hậu.LP"
"986","THCS_TanKieu","8","8A10","3","Sang","3","Ngữ văn","Nguyễn Thị Thảo","Thảo.NT"
"987","THCS_TanKieu","8","8A10","3","Sang","4","Ngữ văn","Nguyễn Thị Thảo","Thảo.NT"
"988","THCS_TanKieu","8","8A10","3","Sang","5","Công nghệ","Phan Văn Tặt","Tặt.PV"
"989","THCS_TanKieu","8","8A10","4","Sang","1","Ngữ văn","Nguyễn Thị Thảo","Thảo.NT"
"990","THCS_TanKieu","8","8A10","4","Sang","2","Vật lí","Nguyễn Thị Bích Phượng","Phượng.NTB"
"991","THCS_TanKieu","8","8A10","4","Sang","3","Vật lí","Nguyễn Thị Bích Phượng","Phượng.NTB"
"992","THCS_TanKieu","8","8A10","4","Sang","4","Toán học","Trần Văn Nhuận","Nhuận.TV"
"993","THCS_TanKieu","8","8A10","4","Sang","5","Toán học","Trần Văn Nhuận","Nhuận.TV"
"994","THCS_TanKieu","8","8A10","5","Sang","1","Âm nhạc","Nguyễn Anh Văn","Văn.NA"
"995","THCS_TanKieu","8","8A10","5","Sang","2","Mỹ thuật","Trần Thị Mỹ Quốc","Quốc.TTM"
"996","THCS_TanKieu","8","8A10","5","Sang","3","Lịch sử","Châu Thị Kim Hà","Hà.CTK"
"997","THCS_TanKieu","8","8A10","5","Sang","4","Công nghệ","Phan Văn Tặt","Tặt.PV"
"998","THCS_TanKieu","8","8A10","5","Sang","5","Ngữ văn","Nguyễn Thị Thảo","Thảo.NT"
"999","THCS_TanKieu","8","8A10","6","Sang","1","HĐTNHN (Quy mô lớp)","Phan Văn Tặt","Tặt.PV"
"1000","THCS_TanKieu","8","8A10","6","Sang","2","Tiếng Anh","Lê Minh Thành","Thành.LM"
"1001","THCS_TanKieu","8","8A10","6","Sang","3","Tiếng Anh","Lê Minh Thành","Thành.LM"
"1002","THCS_TanKieu","8","8A10","6","Sang","4","Hóa học","Nguyễn Thị Lụa","Lụa.NT"
"1003","THCS_TanKieu","8","8A10","6","Sang","5","HĐTNHN (Chuyên đề)","Phan Văn Tặt","Tặt.PV"
"1004","THCS_TanKieu","8","8A10","7","Sang","1","Toán học","Trần Văn Nhuận","Nhuận.TV"
"1005","THCS_TanKieu","8","8A10","7","Sang","2","Toán học","Trần Văn Nhuận","Nhuận.TV"
"1006","THCS_TanKieu","8","8A10","7","Sang","3","Lịch sử","Châu Thị Kim Hà","Hà.CTK"
"1007","THCS_TanKieu","8","8A10","7","Sang","4","Tiếng Anh","Lê Minh Thành","Thành.LM"
"1008","THCS_TanKieu","8","8A10","7","Sang","5","Sinh hoạt lớp","Trần Văn Nhuận","Nhuận.TV"
"1009","THCS_DocBinhKieu","8","8A2","2","Sang","1","Chào cờ","Nguyễn Thị Thùy Dương","Dương.NTT"
"1010","THCS_DocBinhKieu","8","8A2","2","Sang","2","Toán học","Nguyễn Văn Tới","Tới.NV"
"1011","THCS_DocBinhKieu","8","8A2","2","Sang","3","Toán học","Nguyễn Văn Tới","Tới.NV"
"1012","THCS_DocBinhKieu","8","8A2","2","Sang","4","Tiếng Anh","Nguyễn Thị Thùy Dương","Dương.NTT"
"1013","THCS_DocBinhKieu","8","8A2","2","Sang","5","Tiếng Anh","Nguyễn Thị Thùy Dương","Dương.NTT"
"1014","THCS_DocBinhKieu","8","8A2","3","Sang","1","Mỹ thuật","Lê Minh Đạt","Đạt.LM"
"1015","THCS_DocBinhKieu","8","8A2","3","Sang","2","Ngữ văn","Lê Thị Hoài An","An.LTH"
"1016","THCS_DocBinhKieu","8","8A2","3","Sang","3","Hóa học","Nguyễn Thị Kim Ngân","Ngân.NK"
"1017","THCS_DocBinhKieu","8","8A2","3","Sang","4","Công nghệ","Trần Phi Hải","Hải.TP"
"1018","THCS_DocBinhKieu","8","8A2","3","Sang","5","Công nghệ","Trần Phi Hải","Hải.TP"
"1019","THCS_DocBinhKieu","8","8A2","4","Sang","1","Lịch sử","Lê Thị Kim The","The.LTK"
"1020","THCS_DocBinhKieu","8","8A2","4","Sang","2","Lịch sử","Lê Thị Kim The","The.LTK"
"1021","THCS_DocBinhKieu","8","8A2","4","Sang","3","Vật lí","Võ Hoàng Toàn","Toàn.VH"
"1022","THCS_DocBinhKieu","8","8A2","4","Sang","4","Ngữ văn","Lê Thị Hoài An","An.LTH"
"1023","THCS_DocBinhKieu","8","8A2","4","Sang","5","Ngữ văn","Lê Thị Hoài An","An.LTH"
"1024","THCS_DocBinhKieu","8","8A2","5","Sang","1","Giáo dục công dân","Nguyễn Thị Xe","Xe.NT"
"1025","THCS_DocBinhKieu","8","8A2","5","Sang","2","Âm nhạc","Lê Thị Tuyết Xanh","Xanh.LTT"
"1026","THCS_DocBinhKieu","8","8A2","5","Sang","3","Tiếng Anh","Nguyễn Thị Thùy Dương","Dương.NTT"
"1027","THCS_DocBinhKieu","8","8A2","5","Sang","4","Vật lí","Võ Hoàng Toàn","Toàn.VH"
"1028","THCS_DocBinhKieu","8","8A2","5","Sang","5","Vật lí","Võ Hoàng Toàn","Toàn.VH"
"1029","THCS_DocBinhKieu","8","8A2","6","Sang","1","Toán học","Nguyễn Văn Tới","Tới.NV"
"1030","THCS_DocBinhKieu","8","8A2","6","Sang","2","Toán học","Nguyễn Văn Tới","Tới.NV"
"1031","THCS_DocBinhKieu","8","8A2","6","Sang","3","Địa lí","Nguyễn Thị Kim Đỉnh","Đỉnh.NTK"
"1032","THCS_DocBinhKieu","8","8A2","6","Sang","4","Giáo dục thể chất","Lê Văn Nguyên","Nguyên.LV"
"1033","THCS_DocBinhKieu","8","8A2","6","Sang","5","Giáo dục thể chất","Lê Văn Nguyên","Nguyên.LV"
"1034","THCS_DocBinhKieu","8","8A2","7","Sang","1","Tin học","Bùi Kim Phướng","Phướng.BK"
"1035","THCS_DocBinhKieu","8","8A2","7","Sang","2","HĐTNHN (Chuyên đề)","Trần Thị Hậu","Hậu.TTH"
"1036","THCS_DocBinhKieu","8","8A2","7","Sang","3","HĐTNHN (Quy mô lớp)","Nguyễn Thị Thùy Dương","Dương.NTT"
"1037","THCS_DocBinhKieu","8","8A2","7","Sang","4","Ngữ văn","Lê Thị Hoài An","An.LTH"
"1038","THCS_DocBinhKieu","8","8A2","7","Sang","5","Sinh hoạt lớp","Nguyễn Thị Thùy Dương","Dương.NTT"
"1039","THCS_DocBinhKieu","8","8A3","2","Sang","1","Chào cờ","Trần Văn Giang","Giang.TV"
"1040","THCS_DocBinhKieu","8","8A3","2","Sang","2","Hóa học","Lê Thái Phương","Phương.LT"
"1041","THCS_DocBinhKieu","8","8A3","2","Sang","3","Giáo dục thể chất","Lê Văn Nguyên","Nguyên.LV"
"1042","THCS_DocBinhKieu","8","8A3","2","Sang","4","Giáo dục thể chất","Lê Văn Nguyên","Nguyên.LV"
"1043","THCS_DocBinhKieu","8","8A3","2","Sang","5","Mỹ thuật","Lê Minh Đạt","Đạt.LM"
"1044","THCS_DocBinhKieu","8","8A3","3","Sang","1","Toán học","Trần Văn Giang","Giang.TV"
"1045","THCS_DocBinhKieu","8","8A3","3","Sang","2","Địa lí","Nguyễn Thị Kim Đỉnh","Đỉnh.NTK"
"1046","THCS_DocBinhKieu","8","8A3","3","Sang","3","Âm nhạc","Lê Thị Tuyết Xanh","Xanh.LTT"
"1047","THCS_DocBinhKieu","8","8A3","3","Sang","4","Ngữ văn","Lê Thị Thảo Ly","Ly.LTT"
"1048","THCS_DocBinhKieu","8","8A3","3","Sang","5","Ngữ văn","Lê Thị Thảo Ly","Ly.LTT"
"1049","THCS_DocBinhKieu","8","8A3","4","Sang","1","Tiếng Anh","Trần Thanh Hậu","Hậu.TT"
"1050","THCS_DocBinhKieu","8","8A3","4","Sang","2","Lịch sử","Lê Thị Kim The","The.LTK"
"1051","THCS_DocBinhKieu","8","8A3","4","Sang","3","Lịch sử","Lê Thị Kim The","The.LTK"
"1052","THCS_DocBinhKieu","8","8A3","4","Sang","4","Toán học","Trần Văn Giang","Giang.TV"
"1053","THCS_DocBinhKieu","8","8A3","4","Sang","5","Toán học","Trần Văn Giang","Giang.TV"
"1054","THCS_DocBinhKieu","8","8A3","5","Sang","1","Giáo dục công dân","Nguyễn Thị Xe","Xe.NT"
"1055","THCS_DocBinhKieu","8","8A3","5","Sang","2","Ngữ văn","Lê Thị Thảo Ly","Ly.LTT"
"1056","THCS_DocBinhKieu","8","8A3","5","Sang","3","Ngữ văn","Lê Thị Thảo Ly","Ly.LTT"
"1057","THCS_DocBinhKieu","8","8A3","5","Sang","4","Vật lí","Nguyễn Thị Cẩm Nhung","Nhung.NTC"
"1058","THCS_DocBinhKieu","8","8A3","5","Sang","5","Vật lí","Nguyễn Thị Cẩm Nhung","Nhung.NTC"
"1059","THCS_DocBinhKieu","8","8A3","6","Sang","1","Tin học","Bùi Kim Phướng","Phướng.BK"
"1060","THCS_DocBinhKieu","8","8A3","6","Sang","2","Vật lí","Nguyễn Thị Cẩm Nhung","Nhung.NTC"
"1061","THCS_DocBinhKieu","8","8A3","6","Sang","3","Tiếng Anh","Trần Thanh Hậu","Hậu.TT"
"1062","THCS_DocBinhKieu","8","8A3","6","Sang","4","Tiếng Anh","Trần Thanh Hậu","Hậu.TT"
"1063","THCS_DocBinhKieu","8","8A3","6","Sang","5","Công nghệ","Trần Phi Hải","Hải.TP"
"1064","THCS_DocBinhKieu","8","8A3","7","Sang","1","Công nghệ","Trần Phi Hải","Hải.TP"
"1065","THCS_DocBinhKieu","8","8A3","7","Sang","2","Toán học","Trần Văn Giang","Giang.TV"
"1066","THCS_DocBinhKieu","8","8A3","7","Sang","3","HĐTNHN (Quy mô lớp)","Trần Văn Giang","Giang.TV"
"1067","THCS_DocBinhKieu","8","8A3","7","Sang","4","HĐTNHN (Chuyên đề)","Trần Thị Hậu","Hậu.TTH"
"1068","THCS_DocBinhKieu","8","8A3","7","Sang","5","Sinh hoạt lớp","Trần Văn Giang","Giang.TV"
"1069","THCS_DocBinhKieu","8","8A4","2","Sang","1","Chào cờ","Trần Phi Hải","Hải.TP"
"1070","THCS_DocBinhKieu","8","8A4","2","Sang","2","Công nghệ","Trần Phi Hải","Hải.TP"
"1071","THCS_DocBinhKieu","8","8A4","2","Sang","3","Công nghệ","Trần Phi Hải","Hải.TP"
"1072","THCS_DocBinhKieu","8","8A4","2","Sang","4","Mỹ thuật","Lê Minh Đạt","Đạt.LM"
"1073","THCS_DocBinhKieu","8","8A4","2","Sang","5","Âm nhạc","Lê Thị Tuyết Xanh","Xanh.LTT"
"1074","THCS_DocBinhKieu","8","8A4","3","Sang","1","Tiếng Anh","Lê Bá Tuấn","Tuấn.LB"
"1075","THCS_DocBinhKieu","8","8A4","3","Sang","2","Vật lí","Nguyễn Thị Thắm","Thắm.NT"
"1076","THCS_DocBinhKieu","8","8A4","3","Sang","3","Toán học","Trần Văn Giang","Giang.TV"
"1077","THCS_DocBinhKieu","8","8A4","3","Sang","4","Toán học","Trần Văn Giang","Giang.TV"
"1078","THCS_DocBinhKieu","8","8A4","3","Sang","5","Hóa học","Lê Thái Phương","Phương.LT"
"1079","THCS_DocBinhKieu","8","8A4","4","Sang","1","Toán học","Trần Văn Giang","Giang.TV"
"1080","THCS_DocBinhKieu","8","8A4","4","Sang","2","Tiếng Anh","Lê Bá Tuấn","Tuấn.LB"
"1081","THCS_DocBinhKieu","8","8A4","4","Sang","3","Tiếng Anh","Lê Bá Tuấn","Tuấn.LB"
"1082","THCS_DocBinhKieu","8","8A4","4","Sang","4","Ngữ văn","Lê Thị Thảo Ly","Ly.LTT"
"1083","THCS_DocBinhKieu","8","8A4","4","Sang","5","Ngữ văn","Lê Thị Thảo Ly","Ly.LTT"
"1084","THCS_DocBinhKieu","8","8A4","5","Sang","1","Tin học","Bùi Kim Phướng","Phướng.BK"
"1085","THCS_DocBinhKieu","8","8A4","5","Sang","2","Lịch sử","Lê Thị Kim The","The.LTK"
"1086","THCS_DocBinhKieu","8","8A4","5","Sang","3","Toán học","Trần Văn Giang","Giang.TV"
"1087","THCS_DocBinhKieu","8","8A4","5","Sang","4","Giáo dục thể chất","Lê Ngọc Ẩn","Ẩn.LN"
"1088","THCS_DocBinhKieu","8","8A4","5","Sang","5","Giáo dục thể chất","Lê Ngọc Ẩn","Ẩn.LN"
"1089","THCS_DocBinhKieu","8","8A4","6","Sang","1","Giáo dục công dân","Nguyễn Thị Xe","Xe.NT"
"1090","THCS_DocBinhKieu","8","8A4","6","Sang","2","Địa lí","Nguyễn Thị Kim Đỉnh","Đỉnh.NTK"
"1091","THCS_DocBinhKieu","8","8A4","6","Sang","3","Ngữ văn","Lê Thị Thảo Ly","Ly.LTT"
"1092","THCS_DocBinhKieu","8","8A4","6","Sang","4","Vật lí","Nguyễn Thị Thắm","Thắm.NT"
"1093","THCS_DocBinhKieu","8","8A4","6","Sang","5","Vật lí","Nguyễn Thị Thắm","Thắm.NT"
"1094","THCS_DocBinhKieu","8","8A4","7","Sang","1","HĐTNHN (Chuyên đề)","Trần Thị Hậu","Hậu.TTH"
"1095","THCS_DocBinhKieu","8","8A4","7","Sang","2","Lịch sử","Lê Thị Kim The","The.LTK"
"1096","THCS_DocBinhKieu","8","8A4","7","Sang","3","Ngữ văn","Lê Thị Thảo Ly","Ly.LTT"
"1097","THCS_DocBinhKieu","8","8A4","7","Sang","4","HĐTNHN (Quy mô lớp)","Trần Phi Hải","Hải.TP"
"1098","THCS_DocBinhKieu","8","8A4","7","Sang","5","Sinh hoạt lớp","Trần Phi Hải","Hải.TP"
"1099","THCS_DocBinhKieu","8","8A5","2","Sang","1","Chào cờ","Nguyễn Anh Văn","Văn.NA"
"1100","THCS_DocBinhKieu","8","8A5","2","Sang","2","Tin học","Bùi Kim Phướng","Phướng.BK"
"1101","THCS_DocBinhKieu","8","8A5","2","Sang","3","Ngữ văn","Nguyễn Thị Kim Xoa","Xoa.NTK"
"1102","THCS_DocBinhKieu","8","8A5","2","Sang","4","Toán học","Lê Cao Toàn","Toàn.LC"
"1103","THCS_DocBinhKieu","8","8A5","2","Sang","5","Toán học","Lê Cao Toàn","Toàn.LC"
"1104","THCS_DocBinhKieu","8","8A5","3","Sang","1","Vật lí","Võ Hoàng Toàn","Toàn.VH"
"1105","THCS_DocBinhKieu","8","8A5","3","Sang","2","Vật lí","Võ Hoàng Toàn","Toàn.VH"
"1106","THCS_DocBinhKieu","8","8A5","3","Sang","3","Mỹ thuật","Lê Minh Đạt","Đạt.LM"
"1107","THCS_DocBinhKieu","8","8A5","3","Sang","4","Tiếng Anh","Trần Thanh Hậu","Hậu.TT"
"1108","THCS_DocBinhKieu","8","8A5","3","Sang","5","Tiếng Anh","Trần Thanh Hậu","Hậu.TT"
"1109","THCS_DocBinhKieu","8","8A5","4","Sang","1","Hóa học","Lê Thái Phương","Phương.LT"
"1110","THCS_DocBinhKieu","8","8A5","4","Sang","2","Toán học","Lê Cao Toàn","Toàn.LC"
"1111","THCS_DocBinhKieu","8","8A5","4","Sang","3","Toán học","Lê Cao Toàn","Toàn.LC"
"1112","THCS_DocBinhKieu","8","8A5","4","Sang","4","Ngữ văn","Nguyễn Thị Kim Xoa","Xoa.NTK"
"1113","THCS_DocBinhKieu","8","8A5","4","Sang","5","Ngữ văn","Nguyễn Thị Kim Xoa","Xoa.NTK"
"1114","THCS_DocBinhKieu","8","8A5","5","Sang","1","Công nghệ","Trần Phi Hải","Hải.TP"
"1115","THCS_DocBinhKieu","8","8A5","5","Sang","2","Công nghệ","Trần Phi Hải","Hải.TP"
"1116","THCS_DocBinhKieu","8","8A5","5","Sang","3","Ngữ văn","Nguyễn Thị Kim Xoa","Xoa.NTK"
"1117","THCS_DocBinhKieu","8","8A5","5","Sang","4","Lịch sử","Lê Thị Kim The","The.LTK"
"1118","THCS_DocBinhKieu","8","8A5","5","Sang","5","Lịch sử","Lê Thị Kim The","The.LTK"
"1119","THCS_DocBinhKieu","8","8A5","6","Sang","1","Tiếng Anh","Trần Thanh Hậu","Hậu.TT"
"1120","THCS_DocBinhKieu","8","8A5","6","Sang","2","Giáo dục công dân","Nguyễn Thị Xe","Xe.NT"
"1121","THCS_DocBinhKieu","8","8A5","6","Sang","3","Vật lí","Võ Hoàng Toàn","Toàn.VH"
"1122","THCS_DocBinhKieu","8","8A5","6","Sang","4","Giáo dục thể chất","Nguyễn Thanh Hùng","Hùng.NThanh"
"1123","THCS_DocBinhKieu","8","8A5","6","Sang","5","Giáo dục thể chất","Nguyễn Thanh Hùng","Hùng.NThanh"
"1124","THCS_DocBinhKieu","8","8A5","7","Sang","1","Âm nhạc","Nguyễn Anh Văn","Văn.NA"
"1125","THCS_DocBinhKieu","8","8A5","7","Sang","2","Địa lí","Nguyễn Thị Kim Đỉnh","Đỉnh.NTK"
"1126","THCS_DocBinhKieu","8","8A5","7","Sang","3","HĐTNHN (Chuyên đề)","Trần Thị Hậu","Hậu.TTH"
"1127","THCS_DocBinhKieu","8","8A5","7","Sang","4","HĐTNHN (Quy mô lớp)","Nguyễn Anh Văn","Văn.NA"
"1128","THCS_DocBinhKieu","8","8A5","7","Sang","5","Sinh hoạt lớp","Nguyễn Anh Văn","Văn.NA"
"1129","THCS_DocBinhKieu","8","8A6","2","Sang","1","Chào cờ","Nguyễn Quốc Nguyễn","Nguyễn.NQ"
"1130","THCS_DocBinhKieu","8","8A6","2","Sang","2","Giáo dục thể chất","Lê Ngọc Ẩn","Ẩn.LN"
"1131","THCS_DocBinhKieu","8","8A6","2","Sang","3","Giáo dục thể chất","Lê Ngọc Ẩn","Ẩn.LN"
"1132","THCS_DocBinhKieu","8","8A6","2","Sang","4","Công nghệ","Trần Phi Hải","Hải.TP"
"1133","THCS_DocBinhKieu","8","8A6","2","Sang","5","Công nghệ","Trần Phi Hải","Hải.TP"
"1134","THCS_DocBinhKieu","8","8A6","3","Sang","1","Toán học","Nguyễn Quốc Nguyễn","Nguyễn.NQ"
"1135","THCS_DocBinhKieu","8","8A6","3","Sang","2","Toán học","Nguyễn Quốc Nguyễn","Nguyễn.NQ"
"1136","THCS_DocBinhKieu","8","8A6","3","Sang","3","Hóa học","Lê Thái Phương","Phương.LT"
"1137","THCS_DocBinhKieu","8","8A6","3","Sang","4","Địa lí","Nguyễn Thị Kim Đỉnh","Đỉnh.NTK"
"1138","THCS_DocBinhKieu","8","8A6","3","Sang","5","Âm nhạc","Lê Thị Tuyết Xanh","Xanh.LTT"
"1139","THCS_DocBinhKieu","8","8A6","4","Sang","1","Giáo dục công dân","Nguyễn Thị Xe","Xe.NT"
"1140","THCS_DocBinhKieu","8","8A6","4","Sang","2","Ngữ văn","Lê Thị Thảo Ly","Ly.LTT"
"1141","THCS_DocBinhKieu","8","8A6","4","Sang","3","Mỹ thuật","Lê Minh Đạt","Đạt.LM"
"1142","THCS_DocBinhKieu","8","8A6","4","Sang","4","Tiếng Anh","Trần Thanh Hậu","Hậu.TT"
"1143","THCS_DocBinhKieu","8","8A6","4","Sang","5","Tiếng Anh","Trần Thanh Hậu","Hậu.TT"
"1144","THCS_DocBinhKieu","8","8A6","5","Sang","1","Toán học","Nguyễn Quốc Nguyễn","Nguyễn.NQ"
"1145","THCS_DocBinhKieu","8","8A6","5","Sang","2","Toán học","Nguyễn Quốc Nguyễn","Nguyễn.NQ"
"1146","THCS_DocBinhKieu","8","8A6","5","Sang","3","Lịch sử","Lê Thị Kim The","The.LTK"
"1147","THCS_DocBinhKieu","8","8A6","5","Sang","4","Vật lí","Nguyễn Thị Cẩm Nhung","Nhung.NTC"
"1148","THCS_DocBinhKieu","8","8A6","5","Sang","5","Vật lí","Nguyễn Thị Cẩm Nhung","Nhung.NTC"
"1149","THCS_DocBinhKieu","8","8A6","6","Sang","1","Ngữ văn","Lê Thị Thảo Ly","Ly.LTT"
"1150","THCS_DocBinhKieu","8","8A6","6","Sang","2","Ngữ văn","Lê Thị Thảo Ly","Ly.LTT"
"1151","THCS_DocBinhKieu","8","8A6","6","Sang","3","Vật lí","Nguyễn Thị Cẩm Nhung","Nhung.NTC"
"1152","THCS_DocBinhKieu","8","8A6","6","Sang","4","Lịch sử","Lê Thị Kim The","The.LTK"
"1153","THCS_DocBinhKieu","8","8A6","6","Sang","5","Tin học","Bùi Kim Phướng","Phướng.BK"
"1154","THCS_DocBinhKieu","8","8A6","7","Sang","1","Tiếng Anh","Trần Thanh Hậu","Hậu.TT"
"1155","THCS_DocBinhKieu","8","8A6","7","Sang","2","Ngữ văn","Lê Thị Thảo Ly","Ly.LTT"
"1156","THCS_DocBinhKieu","8","8A6","7","Sang","3","HĐTNHN (Chuyên đề)","Trần Thị Hậu","Hậu.TTH"
"1157","THCS_DocBinhKieu","8","8A6","7","Sang","4","HĐTNHN (Quy mô lớp)","Nguyễn Quốc Nguyễn","Nguyễn.NQ"
"1158","THCS_DocBinhKieu","8","8A6","7","Sang","5","Sinh hoạt lớp","Nguyễn Quốc Nguyễn","Nguyễn.NQ"
"1159","THCS_TanKieu","8","8A7","2","Sang","1","Chào cờ","Lê Văn Toàn","Toàn.LV"
"1160","THCS_TanKieu","8","8A7","2","Sang","2","Vật lí","Nguyễn Thị Bích Phượng","Phượng.NTB"
"1161","THCS_TanKieu","8","8A7","2","Sang","3","Vật lí","Nguyễn Thị Bích Phượng","Phượng.NTB"
"1162","THCS_TanKieu","8","8A7","2","Sang","4","Ngữ văn","Nguyễn Thị Thảo","Thảo.NT"
"1163","THCS_TanKieu","8","8A7","2","Sang","5","Ngữ văn","Nguyễn Thị Thảo","Thảo.NT"
"1164","THCS_TanKieu","8","8A7","3","Sang","1","Toán học","Lê Văn Toàn","Toàn.LV"
"1165","THCS_TanKieu","8","8A7","3","Sang","2","Toán học","Lê Văn Toàn","Toàn.LV"
"1166","THCS_TanKieu","8","8A7","3","Sang","3","Tiếng Anh","Lê Minh Thành","Thành.LM"
"1167","THCS_TanKieu","8","8A7","3","Sang","4","Công nghệ","Phan Văn Tặt","Tặt.PV"
"1168","THCS_TanKieu","8","8A7","3","Sang","5","Công nghệ","Phan Văn Tặt","Tặt.PV"
"1169","THCS_TanKieu","8","8A7","4","Sang","1","Tin học","Lê Phước Hậu","Hậu.LP"
"1170","THCS_TanKieu","8","8A7","4","Sang","2","Vật lí","Nguyễn Thị Bích Phượng","Phượng.NTB"
"1171","THCS_TanKieu","8","8A7","4","Sang","3","Mỹ thuật","Trần Thị Mỹ Quốc","Quốc.TTM"
"1172","THCS_TanKieu","8","8A7","4","Sang","4","Giáo dục thể chất","Lê Văn Chính","Chính.LV"
"1173","THCS_TanKieu","8","8A7","4","Sang","5","Giáo dục thể chất","Lê Văn Chính","Chính.LV"
"1174","THCS_TanKieu","8","8A7","5","Sang","1","Toán học","Lê Văn Toàn","Toàn.LV"
"1175","THCS_TanKieu","8","8A7","5","Sang","2","Toán học","Lê Văn Toàn","Toàn.LV"
"1176","THCS_TanKieu","8","8A7","5","Sang","3","Ngữ văn","Nguyễn Thị Thảo","Thảo.NT"
"1177","THCS_TanKieu","8","8A7","5","Sang","4","Hóa học","Nguyễn Thị Lụa","Lụa.NT"
"1178","THCS_TanKieu","8","8A7","5","Sang","5","Âm nhạc","Nguyễn Anh Văn","Văn.NA"
"1179","THCS_TanKieu","8","8A7","6","Sang","1","Tiếng Anh","Lê Minh Thành","Thành.LM"
"1180","THCS_TanKieu","8","8A7","6","Sang","2","Giáo dục công dân","Nguyễn Mỹ Ngân","Ngân.NM"
"1181","THCS_TanKieu","8","8A7","6","Sang","3","Lịch sử","Châu Thị Kim Hà","Hà.CTK"
"1182","THCS_TanKieu","8","8A7","6","Sang","4","Địa lí","Nguyễn Thị Kim Sang","Sang.NTK"
"1183","THCS_TanKieu","8","8A7","6","Sang","5","HĐTNHN (Chuyên đề)","Trần Kim Phương","Phương.TK"
"1184","THCS_TanKieu","8","8A7","7","Sang","1","Lịch sử","Châu Thị Kim Hà","Hà.CTK"
"1185","THCS_TanKieu","8","8A7","7","Sang","2","Tiếng Anh","Lê Minh Thành","Thành.LM"
"1186","THCS_TanKieu","8","8A7","7","Sang","3","Ngữ văn","Nguyễn Thị Thảo","Thảo.NT"
"1187","THCS_TanKieu","8","8A7","7","Sang","4","HĐTNHN (Quy mô lớp)","Lê Văn Toàn","Toàn.LV"
"1188","THCS_TanKieu","8","8A7","7","Sang","5","Sinh hoạt lớp","Lê Văn Toàn","Toàn.LV"
"1189","THCS_TanKieu","8","8A8","2","Sang","1","Chào cờ","Trần Thị Kim Loan","Loan.TTK"
"1190","THCS_TanKieu","8","8A8","2","Sang","2","Toán học","Lê Văn Toàn","Toàn.LV"
"1191","THCS_TanKieu","8","8A8","2","Sang","3","Toán học","Lê Văn Toàn","Toàn.LV"
"1192","THCS_TanKieu","8","8A8","2","Sang","4","Địa lí","Nguyễn Thị Kim Sang","Sang.NTK"
"1193","THCS_TanKieu","8","8A8","2","Sang","5","Tiếng Anh","Lê Thị Ngọc Tuyền","Tuyền.LTN"
"1194","THCS_TanKieu","8","8A8","3","Sang","1","Mỹ thuật","Trần Thị Mỹ Quốc","Quốc.TTM"
"1195","THCS_TanKieu","8","8A8","3","Sang","2","Âm nhạc","Nguyễn Anh Văn","Văn.NA"
"1196","THCS_TanKieu","8","8A8","3","Sang","3","Giáo dục thể chất","Lê Văn Chính","Chính.LV"
"1197","THCS_TanKieu","8","8A8","3","Sang","4","Giáo dục thể chất","Lê Văn Chính","Chính.LV"
"1198","THCS_TanKieu","8","8A8","3","Sang","5","Tin học","Lê Phước Hậu","Hậu.LP"
"1199","THCS_TanKieu","8","8A8","4","Sang","1","Tiếng Anh","Lê Thị Ngọc Tuyền","Tuyền.LTN"
"1200","THCS_TanKieu","8","8A8","4","Sang","2","Tiếng Anh","Lê Thị Ngọc Tuyền","Tuyền.LTN"
"1201","THCS_TanKieu","8","8A8","4","Sang","3","Công nghệ","Phan Văn Tặt","Tặt.PV"
"1202","THCS_TanKieu","8","8A8","4","Sang","4","Vật lí","Nguyễn Thị Bích Phượng","Phượng.NTB"
"1203","THCS_TanKieu","8","8A8","4","Sang","5","Vật lí","Nguyễn Thị Bích Phượng","Phượng.NTB"
"1204","THCS_TanKieu","8","8A8","5","Sang","1","Ngữ văn","Trần Thị Kim Loan","Loan.TTK"
"1205","THCS_TanKieu","8","8A8","5","Sang","2","Ngữ văn","Trần Thị Kim Loan","Loan.TTK"
"1206","THCS_TanKieu","8","8A8","5","Sang","3","Lịch sử","Châu Thị Kim Hà","Hà.CTK"
"1207","THCS_TanKieu","8","8A8","5","Sang","4","Toán học","Lê Văn Toàn","Toàn.LV"
"1208","THCS_TanKieu","8","8A8","5","Sang","5","Toán học","Lê Văn Toàn","Toàn.LV"
"1209","THCS_TanKieu","8","8A8","6","Sang","1","Công nghệ","Phan Văn Tặt","Tặt.PV"
"1210","THCS_TanKieu","8","8A8","6","Sang","2","Vật lí","Nguyễn Thị Bích Phượng","Phượng.NTB"
"1211","THCS_TanKieu","8","8A8","6","Sang","3","Hóa học","Nguyễn Thị Lụa","Lụa.NT"
"1212","THCS_TanKieu","8","8A8","6","Sang","4","Ngữ văn","Trần Thị Kim Loan","Loan.TTK"
"1213","THCS_TanKieu","8","8A8","6","Sang","5","Giáo dục công dân","Nguyễn Mỹ Ngân","Ngân.NM"
"1214","THCS_TanKieu","8","8A8","7","Sang","1","HĐTNHN (Chuyên đề)","Trần Kim Phương","Phương.TK"
"1215","THCS_TanKieu","8","8A8","7","Sang","2","Lịch sử","Châu Thị Kim Hà","Hà.CTK"
"1216","THCS_TanKieu","8","8A8","7","Sang","3","Ngữ văn","Trần Thị Kim Loan","Loan.TTK"
"1217","THCS_TanKieu","8","8A8","7","Sang","4","HĐTNHN (Quy mô lớp)","Trần Thị Kim Loan","Loan.TTK"
"1218","THCS_TanKieu","8","8A8","7","Sang","5","Sinh hoạt lớp","Trần Thị Kim Loan","Loan.TTK"
"1219","THCS_TanKieu","8","8A9","2","Sang","1","Chào cờ","Huỳnh Thị Vân Nhi","Nhi.HTV"
"1220","THCS_TanKieu","8","8A9","2","Sang","2","Tiếng Anh","Lê Minh Thành","Thành.LM"
"1221","THCS_TanKieu","8","8A9","2","Sang","3","Tiếng Anh","Lê Minh Thành","Thành.LM"
"1222","THCS_TanKieu","8","8A9","2","Sang","4","Công nghệ","Phan Văn Tặt","Tặt.PV"
"1223","THCS_TanKieu","8","8A9","2","Sang","5","Công nghệ","Phan Văn Tặt","Tặt.PV"
"1224","THCS_TanKieu","8","8A9","3","Sang","1","Ngữ văn","Huỳnh Thị Vân Nhi","Nhi.HTV"
"1225","THCS_TanKieu","8","8A9","3","Sang","2","Ngữ văn","Huỳnh Thị Vân Nhi","Nhi.HTV"
"1226","THCS_TanKieu","8","8A9","3","Sang","3","Địa lí","Nguyễn Thị Kim Sang","Sang.NTK"
"1227","THCS_TanKieu","8","8A9","3","Sang","4","Tin học","Lê Phước Hậu","Hậu.LP"
"1228","THCS_TanKieu","8","8A9","3","Sang","5","Lịch sử","Châu Thị Kim Hà","Hà.CTK"
"1229","THCS_TanKieu","8","8A9","4","Sang","1","Vật lí","Nguyễn Thị Lụa","Lụa.NT"
"1230","THCS_TanKieu","8","8A9","4","Sang","2","Toán học","Nguyễn Thành Tín","Tín.NT"
"1231","THCS_TanKieu","8","8A9","4","Sang","3","Toán học","Nguyễn Thành Tín","Tín.NT"
"1232","THCS_TanKieu","8","8A9","4","Sang","4","Mỹ thuật","Trần Thị Mỹ Quốc","Quốc.TTM"
"1233","THCS_TanKieu","8","8A9","4","Sang","5","Âm nhạc","Nguyễn Anh Văn","Văn.NA"
"1234","THCS_TanKieu","8","8A9","5","Sang","1","Vật lí","Nguyễn Thị Lụa","Lụa.NT"
"1235","THCS_TanKieu","8","8A9","5","Sang","2","Vật lí","Nguyễn Thị Lụa","Lụa.NT"
"1236","THCS_TanKieu","8","8A9","5","Sang","3","Hóa học","Nguyễn Thị Bích Phượng","Phượng.NTB"
"1237","THCS_TanKieu","8","8A9","5","Sang","4","Ngữ văn","Huỳnh Thị Vân Nhi","Nhi.HTV"
"1238","THCS_TanKieu","8","8A9","5","Sang","5","Ngữ văn","Huỳnh Thị Vân Nhi","Nhi.HTV"
"1239","THCS_TanKieu","8","8A9","6","Sang","1","Lịch sử","Châu Thị Kim Hà","Hà.CTK"
"1240","THCS_TanKieu","8","8A9","6","Sang","2","Tiếng Anh","Lê Minh Thành","Thành.LM"
"1241","THCS_TanKieu","8","8A9","6","Sang","3","Giáo dục thể chất","Lê Thị Ngọc Điệp","Điệp.LTN"
"1242","THCS_TanKieu","8","8A9","6","Sang","4","Giáo dục thể chất","Lê Thị Ngọc Điệp","Điệp.LTN"
"1243","THCS_TanKieu","8","8A9","6","Sang","5","Giáo dục công dân","Nguyễn Mỹ Ngân","Ngân.NM"
"1244","THCS_TanKieu","8","8A9","7","Sang","1","Toán học","Nguyễn Thành Tín","Tín.NT"
"1245","THCS_TanKieu","8","8A9","7","Sang","2","Toán học","Nguyễn Thành Tín","Tín.NT"
"1246","THCS_TanKieu","8","8A9","7","Sang","3","HĐTNHN (Chuyên đề)","Trần Kim Phương","Phương.TK"
"1247","THCS_TanKieu","8","8A9","7","Sang","4","HĐTNHN (Quy mô lớp)","Huỳnh Thị Vân Nhi","Nhi.HTV"
"1248","THCS_TanKieu","8","8A9","7","Sang","5","Sinh hoạt lớp","Huỳnh Thị Vân Nhi","Nhi.HTV"
"1249","THCS_DocBinhKieu","9","9A1","2","Sang","1","Chào cờ","Nguyễn Quốc Tấn","Tấn.NQ"
"1250","THCS_DocBinhKieu","9","9A1","2","Sang","2","Giáo dục công dân","Nguyễn Thị Xe","Xe.NT"
"1251","THCS_DocBinhKieu","9","9A1","2","Sang","3","Tiếng Anh","Trương Thị Ngọc Mai","Mai.TTN"
"1252","THCS_DocBinhKieu","9","9A1","2","Sang","4","Lịch sử và Địa lí","Nguyễn Quốc Tấn","Tấn.NQ"
"1253","THCS_DocBinhKieu","9","9A1","2","Sang","5","Lịch sử và Địa lí","Nguyễn Quốc Tấn","Tấn.NQ"
"1254","THCS_DocBinhKieu","9","9A1","3","Sang","1","Toán học","Nguyễn Thái Hùng","Hùng.NThái"
"1255","THCS_DocBinhKieu","9","9A1","3","Sang","2","Công nghệ","Trần Thị Cẩm","Cẩm.TT"
"1256","THCS_DocBinhKieu","9","9A1","3","Sang","3","Ngữ văn","Phạm Thanh Lâm","Lâm.PT"
"1257","THCS_DocBinhKieu","9","9A1","3","Sang","4","Khoa học tự nhiên","Nguyễn Thị Kim Ngân","Ngân.NK"
"1258","THCS_DocBinhKieu","9","9A1","3","Sang","5","Khoa học tự nhiên","Nguyễn Thị Kim Ngân","Ngân.NK"
"1259","THCS_DocBinhKieu","9","9A1","4","Sang","1","Tiếng Anh","Trương Thị Ngọc Mai","Mai.TTN"
"1260","THCS_DocBinhKieu","9","9A1","4","Sang","2","Tiếng Anh","Trương Thị Ngọc Mai","Mai.TTN"
"1261","THCS_DocBinhKieu","9","9A1","4","Sang","3","Ngữ văn","Phạm Thanh Lâm","Lâm.PT"
"1262","THCS_DocBinhKieu","9","9A1","4","Sang","4","Toán học","Nguyễn Thái Hùng","Hùng.NThái"
"1263","THCS_DocBinhKieu","9","9A1","4","Sang","5","Toán học","Nguyễn Thái Hùng","Hùng.NThái"
"1264","THCS_DocBinhKieu","9","9A1","5","Sang","1","Khoa học tự nhiên","Nguyễn Thị Kim Ngân","Ngân.NK"
"1265","THCS_DocBinhKieu","9","9A1","5","Sang","2","Khoa học tự nhiên","Nguyễn Thị Kim Ngân","Ngân.NK"
"1266","THCS_DocBinhKieu","9","9A1","5","Sang","3","Lịch sử và Địa lí","Nguyễn Quốc Tấn","Tấn.NQ"
"1267","THCS_DocBinhKieu","9","9A1","5","Sang","4","Tin học","Bùi Kim Phướng","Phướng.BK"
"1268","THCS_DocBinhKieu","9","9A1","5","Sang","5","Âm nhạc","Nguyễn Anh Văn","Văn.NA"
"1269","THCS_DocBinhKieu","9","9A1","6","Sang","1","Ngữ văn","Phạm Thanh Lâm","Lâm.PT"
"1270","THCS_DocBinhKieu","9","9A1","6","Sang","2","Ngữ văn","Phạm Thanh Lâm","Lâm.PT"
"1271","THCS_DocBinhKieu","9","9A1","6","Sang","3","Mỹ thuật","Trần Thị Mỹ Quốc","Quốc.TTM"
"1272","THCS_DocBinhKieu","9","9A1","6","Sang","4","Giáo dục thể chất","Nguyễn Thanh Hùng","Hùng.NThanh"
"1273","THCS_DocBinhKieu","9","9A1","6","Sang","5","Giáo dục thể chất","Nguyễn Thanh Hùng","Hùng.NThanh"
"1274","THCS_DocBinhKieu","9","9A1","7","Sang","1","Toán học","Nguyễn Thái Hùng","Hùng.NThái"
"1275","THCS_DocBinhKieu","9","9A1","7","Sang","2","HĐTNHN (Chuyên đề)","Trần Thị Hậu","Hậu.TTH"
"1276","THCS_DocBinhKieu","9","9A1","7","Sang","3","HĐTNHN (Quy mô lớp)","Nguyễn Quốc Tấn","Tấn.NQ"
"1277","THCS_DocBinhKieu","9","9A1","7","Sang","4","Sinh hoạt lớp","Nguyễn Quốc Tấn","Tấn.NQ"
"1278","THCS_DocBinhKieu","9","9A2","2","Sang","1","Chào cờ","Trương Thị Ngọc Mai","Mai.TTN"
"1279","THCS_DocBinhKieu","9","9A2","2","Sang","2","Lịch sử và Địa lí","Nguyễn Quốc Tấn","Tấn.NQ"
"1280","THCS_DocBinhKieu","9","9A2","2","Sang","3","Lịch sử và Địa lí","Nguyễn Quốc Tấn","Tấn.NQ"
"1281","THCS_DocBinhKieu","9","9A2","2","Sang","4","Tiếng Anh","Trương Thị Ngọc Mai","Mai.TTN"
"1282","THCS_DocBinhKieu","9","9A2","2","Sang","5","Tiếng Anh","Trương Thị Ngọc Mai","Mai.TTN"
"1283","THCS_DocBinhKieu","9","9A2","3","Sang","1","Giáo dục thể chất","Nguyễn Thanh Hùng","Hùng.NThanh"
"1284","THCS_DocBinhKieu","9","9A2","3","Sang","2","Giáo dục thể chất","Nguyễn Thanh Hùng","Hùng.NThanh"
"1285","THCS_DocBinhKieu","9","9A2","3","Sang","3","Toán học","Nguyễn Văn Ngoan","Ngoan.NV"
"1286","THCS_DocBinhKieu","9","9A2","3","Sang","4","Khoa học tự nhiên","Lê Thái Phương","Phương.LT"
"1287","THCS_DocBinhKieu","9","9A2","3","Sang","5","Khoa học tự nhiên","Lê Thái Phương","Phương.LT"
"1288","THCS_DocBinhKieu","9","9A2","4","Sang","1","Giáo dục công dân","Nguyễn Thị Xe","Xe.NT"
"1289","THCS_DocBinhKieu","9","9A2","4","Sang","2","Ngữ văn","Phạm Thanh Lâm","Lâm.PT"
"1290","THCS_DocBinhKieu","9","9A2","4","Sang","3","Âm nhạc","Nguyễn Anh Văn","Văn.NA"
"1291","THCS_DocBinhKieu","9","9A2","4","Sang","4","Toán học","Nguyễn Văn Ngoan","Ngoan.NV"
"1292","THCS_DocBinhKieu","9","9A2","4","Sang","5","Toán học","Nguyễn Văn Ngoan","Ngoan.NV"
"1293","THCS_DocBinhKieu","9","9A2","5","Sang","1","Ngữ văn","Phạm Thanh Lâm","Lâm.PT"
"1294","THCS_DocBinhKieu","9","9A2","5","Sang","2","Ngữ văn","Phạm Thanh Lâm","Lâm.PT"
"1295","THCS_DocBinhKieu","9","9A2","5","Sang","3","Công nghệ","Trần Thị Cẩm","Cẩm.TT"
"1296","THCS_DocBinhKieu","9","9A2","5","Sang","4","Khoa học tự nhiên","Lê Thái Phương","Phương.LT"
"1297","THCS_DocBinhKieu","9","9A2","5","Sang","5","Khoa học tự nhiên","Lê Thái Phương","Phương.LT"
"1298","THCS_DocBinhKieu","9","9A2","6","Sang","1","Toán học","Nguyễn Văn Ngoan","Ngoan.NV"
"1299","THCS_DocBinhKieu","9","9A2","6","Sang","2","Tin học","Bùi Kim Phướng","Phướng.BK"
"1300","THCS_DocBinhKieu","9","9A2","6","Sang","3","Tiếng Anh","Trương Thị Ngọc Mai","Mai.TTN"
"1301","THCS_DocBinhKieu","9","9A2","6","Sang","4","Ngữ văn","Phạm Thanh Lâm","Lâm.PT"
"1302","THCS_DocBinhKieu","9","9A2","6","Sang","5","Mỹ thuật","Trần Thị Mỹ Quốc","Quốc.TTM"
"1303","THCS_DocBinhKieu","9","9A2","7","Sang","1","Lịch sử và Địa lí","Nguyễn Quốc Tấn","Tấn.NQ"
"1304","THCS_DocBinhKieu","9","9A2","7","Sang","2","HĐTNHN (Chuyên đề)","Trần Thị Hậu","Hậu.TTH"
"1305","THCS_DocBinhKieu","9","9A2","7","Sang","3","HĐTNHN (Quy mô lớp)","Trương Thị Ngọc Mai","Mai.TTN"
"1306","THCS_DocBinhKieu","9","9A2","7","Sang","4","Sinh hoạt lớp","Trương Thị Ngọc Mai","Mai.TTN"
"1307","THCS_DocBinhKieu","9","9A3","2","Sang","1","Chào cờ","Phạm Thanh Lâm","Lâm.PT"
"1308","THCS_DocBinhKieu","9","9A3","2","Sang","2","Toán học","Lê Cao Toàn","Toàn.LC"
"1309","THCS_DocBinhKieu","9","9A3","2","Sang","3","Giáo dục công dân","Nguyễn Thị Xe","Xe.NT"
"1310","THCS_DocBinhKieu","9","9A3","2","Sang","4","Ngữ văn","Phạm Thanh Lâm","Lâm.PT"
"1311","THCS_DocBinhKieu","9","9A3","2","Sang","5","Ngữ văn","Phạm Thanh Lâm","Lâm.PT"
"1312","THCS_DocBinhKieu","9","9A3","3","Sang","1","Tiếng Anh","Trương Thị Ngọc Mai","Mai.TTN"
"1313","THCS_DocBinhKieu","9","9A3","3","Sang","2","Khoa học tự nhiên","Nguyễn Kim Ngân","Ngân.NK"
"1314","THCS_DocBinhKieu","9","9A3","3","Sang","3","Khoa học tự nhiên","Nguyễn Kim Ngân","Ngân.NK"
"1315","THCS_DocBinhKieu","9","9A3","3","Sang","4","Lịch sử và Địa lí","Trần Phước Hòa","Hòa.TP"
"1316","THCS_DocBinhKieu","9","9A3","3","Sang","5","Lịch sử và Địa lí","Trần Phước Hòa","Hòa.TP"
"1317","THCS_DocBinhKieu","9","9A3","4","Sang","1","Ngữ văn","Phạm Thanh Lâm","Lâm.PT"
"1318","THCS_DocBinhKieu","9","9A3","4","Sang","2","Toán học","Lê Cao Toàn","Toàn.LC"
"1319","THCS_DocBinhKieu","9","9A3","4","Sang","3","Toán học","Lê Cao Toàn","Toàn.LC"
"1320","THCS_DocBinhKieu","9","9A3","4","Sang","4","Âm nhạc","Nguyễn Anh Văn","Văn.NA"
"1321","THCS_DocBinhKieu","9","9A3","4","Sang","5","Mỹ thuật","Trần Thị Mỹ Quốc","Quốc.TTM"
"1322","THCS_DocBinhKieu","9","9A3","5","Sang","1","Công nghệ","Trần Thị Cẩm","Cẩm.TT"
"1323","THCS_DocBinhKieu","9","9A3","5","Sang","2","Tin học","Bùi Kim Phướng","Phướng.BK"
"1324","THCS_DocBinhKieu","9","9A3","5","Sang","3","Giáo dục thể chất","Nguyễn Thanh Hùng","Hùng.NThanh"
"1325","THCS_DocBinhKieu","9","9A3","5","Sang","4","Giáo dục thể chất","Nguyễn Thanh Hùng","Hùng.NThanh"
"1326","THCS_DocBinhKieu","9","9A3","5","Sang","5","Lịch sử và Địa lí","Trần Phước Hòa","Hòa.TP"
"1327","THCS_DocBinhKieu","9","9A3","6","Sang","1","Toán học","Lê Cao Toàn","Toàn.LC"
"1328","THCS_DocBinhKieu","9","9A3","6","Sang","2","Khoa học tự nhiên","Nguyễn Kim Ngân","Ngân.NK"
"1329","THCS_DocBinhKieu","9","9A3","6","Sang","3","Khoa học tự nhiên","Nguyễn Kim Ngân","Ngân.NK"
"1330","THCS_DocBinhKieu","9","9A3","6","Sang","4","Tiếng Anh","Trương Thị Ngọc Mai","Mai.TTN"
"1331","THCS_DocBinhKieu","9","9A3","6","Sang","5","Tiếng Anh","Trương Thị Ngọc Mai","Mai.TTN"
"1332","THCS_DocBinhKieu","9","9A3","7","Sang","1","Ngữ văn","Phạm Thanh Lâm","Lâm.PT"
"1333","THCS_DocBinhKieu","9","9A3","7","Sang","2","HĐTNHN (Chuyên đề)","Trần Thị Hậu","Hậu.TTH"
"1334","THCS_DocBinhKieu","9","9A3","7","Sang","3","HĐTNHN (Quy mô lớp)","Phạm Thanh Lâm","Lâm.PT"
"1335","THCS_DocBinhKieu","9","9A3","7","Sang","4","Sinh hoạt lớp","Phạm Thanh Lâm","Lâm.PT"
"1336","THCS_DocBinhKieu","9","9A4","2","Sang","1","Chào cờ","Trần Phước Hòa","Hòa.TP"
"1337","THCS_DocBinhKieu","9","9A4","2","Sang","2","Mỹ thuật","Trần Thị Mỹ Quốc","Quốc.TTM"
"1338","THCS_DocBinhKieu","9","9A4","2","Sang","3","Ngữ văn","Nguyễn Thị Kim Xoa","Xoa.NTK"
"1339","THCS_DocBinhKieu","9","9A4","2","Sang","4","Toán học","Lê Văn Toàn","Toàn.LV"
"1340","THCS_DocBinhKieu","9","9A4","2","Sang","5","Toán học","Lê Văn Toàn","Toàn.LV"
"1341","THCS_DocBinhKieu","9","9A4","3","Sang","1","Khoa học tự nhiên","Nguyễn Kim Ngân","Ngân.NK"
"1342","THCS_DocBinhKieu","9","9A4","3","Sang","2","Khoa học tự nhiên","Nguyễn Kim Ngân","Ngân.NK"
"1343","THCS_DocBinhKieu","9","9A4","3","Sang","3","Tiếng Anh","Trương Thị Ngọc Mai","Mai.TTN"
"1344","THCS_DocBinhKieu","9","9A4","3","Sang","4","Tin học","Bùi Kim Phướng","Phướng.BK"
"1345","THCS_DocBinhKieu","9","9A4","3","Sang","5","Công nghệ","Trần Thị Cẩm","Cẩm.TT"
"1346","THCS_DocBinhKieu","9","9A4","4","Sang","1","Giáo dục công dân","Nguyễn Thị Xe","Xe.NT"
"1347","THCS_DocBinhKieu","9","9A4","4","Sang","2","Toán học","Lê Văn Toàn","Toàn.LV"
"1348","THCS_DocBinhKieu","9","9A4","4","Sang","3","Lịch sử và Địa lí","Trần Phước Hòa","Hòa.TP"
"1349","THCS_DocBinhKieu","9","9A4","4","Sang","4","Ngữ văn","Nguyễn Thị Kim Xoa","Xoa.NTK"
"1350","THCS_DocBinhKieu","9","9A4","4","Sang","5","Ngữ văn","Nguyễn Thị Kim Xoa","Xoa.NTK"
"1351","THCS_DocBinhKieu","9","9A4","5","Sang","1","Tiếng Anh","Trương Thị Ngọc Mai","Mai.TTN"
"1352","THCS_DocBinhKieu","9","9A4","5","Sang","2","Tiếng Anh","Trương Thị Ngọc Mai","Mai.TTN"
"1353","THCS_DocBinhKieu","9","9A4","5","Sang","3","Lịch sử và Địa lí","Trần Phước Hòa","Hòa.TP"
"1354","THCS_DocBinhKieu","9","9A4","5","Sang","4","Lịch sử và Địa lí","Trần Phước Hòa","Hòa.TP"
"1355","THCS_DocBinhKieu","9","9A4","5","Sang","5","Âm nhạc","Nguyễn Anh Văn","Văn.NA"
"1356","THCS_DocBinhKieu","9","9A4","6","Sang","1","Giáo dục thể chất","Nguyễn Thanh Hùng","Hùng.NThanh"
"1357","THCS_DocBinhKieu","9","9A4","6","Sang","2","Giáo dục thể chất","Nguyễn Thanh Hùng","Hùng.NThanh"
"1358","THCS_DocBinhKieu","9","9A4","6","Sang","3","Khoa học tự nhiên","Nguyễn Kim Ngân","Ngân.NK"
"1359","THCS_DocBinhKieu","9","9A4","6","Sang","4","Khoa học tự nhiên","Nguyễn Kim Ngân","Ngân.NK"
"1360","THCS_DocBinhKieu","9","9A4","6","Sang","5","Toán học","Lê Văn Toàn","Toàn.LV"
"1361","THCS_DocBinhKieu","9","9A4","7","Sang","1","Ngữ văn","Nguyễn Thị Kim Xoa","Xoa.NTK"
"1362","THCS_DocBinhKieu","9","9A4","7","Sang","2","HĐTNHN (Chuyên đề)","Trần Thị Hậu","Hậu.TTH"
"1363","THCS_DocBinhKieu","9","9A4","7","Sang","3","HĐTNHN (Quy mô lớp)","Trần Phước Hòa","Hòa.TP"
"1364","THCS_DocBinhKieu","9","9A4","7","Sang","4","Sinh hoạt lớp","Trần Phước Hòa","Hòa.TP"
"1365","THCS_DocBinhKieu","9","9A5","2","Sang","1","Chào cờ","Võ Hoàng Toàn","Toàn.VH"
"1366","THCS_DocBinhKieu","9","9A5","2","Sang","2","Khoa học tự nhiên","Võ Hoàng Toàn","Toàn.VH"
"1367","THCS_DocBinhKieu","9","9A5","2","Sang","3","Khoa học tự nhiên","Võ Hoàng Toàn","Toàn.VH"
"1368","THCS_DocBinhKieu","9","9A5","2","Sang","4","Lịch sử và Địa lí","Trần Phước Hòa","Hòa.TP"
"1369","THCS_DocBinhKieu","9","9A5","2","Sang","5","Lịch sử và Địa lí","Trần Phước Hòa","Hòa.TP"
"1370","THCS_DocBinhKieu","9","9A5","3","Sang","1","Toán học","Lê Cao Toàn","Toàn.LC"
"1371","THCS_DocBinhKieu","9","9A5","3","Sang","2","Mỹ thuật","Trần Thị Mỹ Quốc","Quốc.TTM"
"1372","THCS_DocBinhKieu","9","9A5","3","Sang","3","Giáo dục công dân","Nguyễn Thị Xe","Xe.NT"
"1373","THCS_DocBinhKieu","9","9A5","3","Sang","4","Giáo dục thể chất","Nguyễn Thanh Hùng","Hùng.NThanh"
"1374","THCS_DocBinhKieu","9","9A5","3","Sang","5","Giáo dục thể chất","Nguyễn Thanh Hùng","Hùng.NThanh"
"1375","THCS_DocBinhKieu","9","9A5","4","Sang","1","Ngữ văn","Lê Thị Thảo Ly","Ly.LTT"
"1376","THCS_DocBinhKieu","9","9A5","4","Sang","2","Ngữ văn","Lê Thị Thảo Ly","Ly.LTT"
"1377","THCS_DocBinhKieu","9","9A5","4","Sang","3","Khoa học tự nhiên","Võ Hoàng Toàn","Toàn.VH"
"1378","THCS_DocBinhKieu","9","9A5","4","Sang","4","Khoa học tự nhiên","Võ Hoàng Toàn","Toàn.VH"
"1379","THCS_DocBinhKieu","9","9A5","4","Sang","5","Tin học","Bùi Kim Phướng","Phướng.BK"
"1380","THCS_DocBinhKieu","9","9A5","5","Sang","1","Toán học","Lê Cao Toàn","Toàn.LC"
"1381","THCS_DocBinhKieu","9","9A5","5","Sang","2","Toán học","Lê Cao Toàn","Toàn.LC"
"1382","THCS_DocBinhKieu","9","9A5","5","Sang","3","Âm nhạc","Nguyễn Anh Văn","Văn.NA"
"1383","THCS_DocBinhKieu","9","9A5","5","Sang","4","Tiếng Anh","Trương Thị Ngọc Mai","Mai.TTN"
"1384","THCS_DocBinhKieu","9","9A5","5","Sang","5","Tiếng Anh","Trương Thị Ngọc Mai","Mai.TTN"
"1385","THCS_DocBinhKieu","9","9A5","6","Sang","1","Công nghệ","Trần Thị Cẩm","Cẩm.TT"
"1386","THCS_DocBinhKieu","9","9A5","6","Sang","2","Toán học","Lê Cao Toàn","Toàn.LC"
"1387","THCS_DocBinhKieu","9","9A5","6","Sang","3","Lịch sử và Địa lí","Trần Phước Hòa","Hòa.TP"
"1388","THCS_DocBinhKieu","9","9A5","6","Sang","4","Ngữ văn","Lê Thị Thảo Ly","Ly.LTT"
"1389","THCS_DocBinhKieu","9","9A5","6","Sang","5","Ngữ văn","Lê Thị Thảo Ly","Ly.LTT"
"1390","THCS_DocBinhKieu","9","9A5","7","Sang","1","Tiếng Anh","Trương Thị Ngọc Mai","Mai.TTN"
"1391","THCS_DocBinhKieu","9","9A5","7","Sang","2","HĐTNHN (Chuyên đề)","Trần Thị Hậu","Hậu.TTH"
"1392","THCS_DocBinhKieu","9","9A5","7","Sang","3","HĐTNHN (Quy mô lớp)","Võ Hoàng Toàn","Toàn.VH"
"1393","THCS_DocBinhKieu","9","9A5","7","Sang","4","Sinh hoạt lớp","Võ Hoàng Toàn","Toàn.VH"
"1394","THCS_TanKieu","9","9A6","2","Sang","1","Chào cờ","Trần Thị Mỹ Quốc","Quốc.TTM"
"1395","THCS_TanKieu","9","9A6","2","Sang","2","Ngữ văn","Trần Thị Kim Loan","Loan.TTK"
"1396","THCS_TanKieu","9","9A6","2","Sang","3","Ngữ văn","Trần Thị Kim Loan","Loan.TTK"
"1397","THCS_TanKieu","9","9A6","2","Sang","4","Toán học","Trần Văn Nhuận","Nhuận.TV"
"1398","THCS_TanKieu","9","9A6","2","Sang","5","Toán học","Trần Văn Nhuận","Nhuận.TV"
"1399","THCS_TanKieu","9","9A6","3","Sang","1","Mỹ thuật","Trần Thị Mỹ Quốc","Quốc.TTM"
"1400","THCS_TanKieu","9","9A6","3","Sang","2","Giáo dục công dân","Nguyễn Mỹ Ngân","Ngân.NM"
"1401","THCS_TanKieu","9","9A6","3","Sang","3","Tiếng Anh","Lê Bá Tuấn","Tuấn.LB"
"1402","THCS_TanKieu","9","9A6","3","Sang","4","Khoa học tự nhiên","Trần Kim Phương","Phương.TK"
"1403","THCS_TanKieu","9","9A6","3","Sang","5","Khoa học tự nhiên","Trần Kim Phương","Phương.TK"
"1404","THCS_TanKieu","9","9A6","4","Sang","1","Toán học","Trần Văn Nhuận","Nhuận.TV"
"1405","THCS_TanKieu","9","9A6","4","Sang","2","Tin học","Lê Phước Hậu","Hậu.LP"
"1406","THCS_TanKieu","9","9A6","4","Sang","3","Công nghệ","Nguyễn Thị Ngọc Diễm","Diễm.NTN"
"1407","THCS_TanKieu","9","9A6","4","Sang","4","Lịch sử và Địa lí","Châu Thị Kim Hà","Hà.CTK"
"1408","THCS_TanKieu","9","9A6","4","Sang","5","Lịch sử và Địa lí","Châu Thị Kim Hà","Hà.CTK"
"1409","THCS_TanKieu","9","9A6","5","Sang","1","Khoa học tự nhiên","Trần Kim Phương","Phương.TK"
"1410","THCS_TanKieu","9","9A6","5","Sang","2","Khoa học tự nhiên","Trần Kim Phương","Phương.TK"
"1411","THCS_TanKieu","9","9A6","5","Sang","3","Lịch sử và Địa lí","Châu Thị Kim Hà","Hà.CTK"
"1412","THCS_TanKieu","9","9A6","5","Sang","4","Tiếng Anh","Lê Bá Tuấn","Tuấn.LB"
"1413","THCS_TanKieu","9","9A6","5","Sang","5","Tiếng Anh","Lê Bá Tuấn","Tuấn.LB"
"1414","THCS_TanKieu","9","9A6","6","Sang","1","Ngữ văn","Trần Thị Kim Loan","Loan.TTK"
"1415","THCS_TanKieu","9","9A6","6","Sang","2","Ngữ văn","Trần Thị Kim Loan","Loan.TTK"
"1416","THCS_TanKieu","9","9A6","6","Sang","3","Toán học","Trần Văn Nhuận","Nhuận.TV"
"1417","THCS_TanKieu","9","9A6","6","Sang","4","Giáo dục thể chất","Lê Văn Chính","Chính.LV"
"1418","THCS_TanKieu","9","9A6","6","Sang","5","Giáo dục thể chất","Lê Văn Chính","Chính.LV"
"1419","THCS_TanKieu","9","9A6","7","Sang","1","Âm nhạc","Nguyễn Anh Văn","Văn.NA"
"1420","THCS_TanKieu","9","9A6","7","Sang","2","HĐTNHN (Chuyên đề)","Trần Kim Phương","Phương.TK"
"1421","THCS_TanKieu","9","9A6","7","Sang","3","HĐTNHN (Quy mô lớp)","Trần Thị Mỹ Quốc","Quốc.TTM"
"1422","THCS_TanKieu","9","9A6","7","Sang","4","Sinh hoạt lớp","Trần Thị Mỹ Quốc","Quốc.TTM"
"1423","THCS_TanKieu","9","9A7","2","Sang","1","Chào cờ","Nguyễn Thị Lụa","Lụa.NT"
"1424","THCS_TanKieu","9","9A7","2","Sang","2","Khoa học tự nhiên","Nguyễn Thị Lụa","Lụa.NT"
"1425","THCS_TanKieu","9","9A7","2","Sang","3","Khoa học tự nhiên","Nguyễn Thị Lụa","Lụa.NT"
"1426","THCS_TanKieu","9","9A7","2","Sang","4","Lịch sử và Địa lí","Châu Thị Kim Hà","Hà.CTK"
"1427","THCS_TanKieu","9","9A7","2","Sang","5","Lịch sử và Địa lí","Châu Thị Kim Hà","Hà.CTK"
"1428","THCS_TanKieu","9","9A7","3","Sang","1","Tiếng Anh","Lê Bá Tuấn","Tuấn.LB"
"1429","THCS_TanKieu","9","9A7","3","Sang","2","Tiếng Anh","Lê Bá Tuấn","Tuấn.LB"
"1430","THCS_TanKieu","9","9A7","3","Sang","3","Giáo dục công dân","Nguyễn Mỹ Ngân","Ngân.NM"
"1431","THCS_TanKieu","9","9A7","3","Sang","4","Toán học","Nguyễn Thành Tín","Tín.NT"
"1432","THCS_TanKieu","9","9A7","3","Sang","5","Toán học","Nguyễn Thành Tín","Tín.NT"
"1433","THCS_TanKieu","9","9A7","4","Sang","1","Ngữ văn","Trần Thị Kim Loan","Loan.TTK"
"1434","THCS_TanKieu","9","9A7","4","Sang","2","Ngữ văn","Trần Thị Kim Loan","Loan.TTK"
"1435","THCS_TanKieu","9","9A7","4","Sang","3","Tin học","Lê Phước Hậu","Hậu.LP"
"1436","THCS_TanKieu","9","9A7","4","Sang","4","Mỹ thuật","Trần Thị Mỹ Quốc","Quốc.TTM"
"1437","THCS_TanKieu","9","9A7","4","Sang","5","Âm nhạc","Nguyễn Anh Văn","Văn.NA"
"1438","THCS_TanKieu","9","9A7","5","Sang","1","Giáo dục thể chất","Lê Văn Chính","Chính.LV"
"1439","THCS_TanKieu","9","9A7","5","Sang","2","Giáo dục thể chất","Lê Văn Chính","Chính.LV"
"1440","THCS_TanKieu","9","9A7","5","Sang","3","Khoa học tự nhiên","Nguyễn Thị Lụa","Lụa.NT"
"1441","THCS_TanKieu","9","9A7","5","Sang","4","Khoa học tự nhiên","Nguyễn Thị Lụa","Lụa.NT"
"1442","THCS_TanKieu","9","9A7","5","Sang","5","Lịch sử và Địa lí","Châu Thị Kim Hà","Hà.CTK"
"1443","THCS_TanKieu","9","9A7","6","Sang","1","Toán học","Nguyễn Thành Tín","Tín.NT"
"1444","THCS_TanKieu","9","9A7","6","Sang","2","Toán học","Nguyễn Thành Tín","Tín.NT"
"1445","THCS_TanKieu","9","9A7","6","Sang","3","Công nghệ","Nguyễn Thị Ngọc Diễm","Diễm.NTN"
"1446","THCS_TanKieu","9","9A7","6","Sang","4","Ngữ văn","Trần Thị Kim Loan","Loan.TTK"
"1447","THCS_TanKieu","9","9A7","6","Sang","5","Tiếng Anh","Lê Bá Tuấn","Tuấn.LB"
"1448","THCS_TanKieu","9","9A7","7","Sang","1","Ngữ văn","Trần Thị Kim Loan","Loan.TTK"
"1449","THCS_TanKieu","9","9A7","7","Sang","2","HĐTNHN (Chuyên đề)","Trần Kim Phương","Phương.TK"
"1450","THCS_TanKieu","9","9A7","7","Sang","3","HĐTNHN (Quy mô lớp)","Nguyễn Thị Lụa","Lụa.NT"
"1451","THCS_TanKieu","9","9A7","7","Sang","4","Sinh hoạt lớp","Nguyễn Thị Lụa","Lụa.NT"
"1452","THCS_TanKieu","9","9A8","2","Sang","1","Chào cờ","Nguyễn Thành Tín","Tín.NT"
"1453","THCS_TanKieu","9","9A8","2","Sang","2","Lịch sử và Địa lí","Châu Thị Kim Hà","Hà.CTK"
"1454","THCS_TanKieu","9","9A8","2","Sang","3","Lịch sử và Địa lí","Châu Thị Kim Hà","Hà.CTK"
"1455","THCS_TanKieu","9","9A8","2","Sang","4","Ngữ văn","Trần Thị Kim Loan","Loan.TTK"
"1456","THCS_TanKieu","9","9A8","2","Sang","5","Ngữ văn","Trần Thị Kim Loan","Loan.TTK"
"1457","THCS_TanKieu","9","9A8","3","Sang","1","Công nghệ","Nguyễn Thị Ngọc Diễm","Diễm.NTN"
"1458","THCS_TanKieu","9","9A8","3","Sang","2","Tin học","Lê Phước Hậu","Hậu.LP"
"1459","THCS_TanKieu","9","9A8","3","Sang","3","Khoa học tự nhiên","Nguyễn Thị Bích Phượng","Phượng.NTB"
"1460","THCS_TanKieu","9","9A8","3","Sang","4","Khoa học tự nhiên","Nguyễn Thị Bích Phượng","Phượng.NTB"
"1461","THCS_TanKieu","9","9A8","3","Sang","5","Toán học","Nguyễn Thành Tín","Tín.NT"
"1462","THCS_TanKieu","9","9A8","4","Sang","1","Tiếng Anh","Lê Bá Tuấn","Tuấn.LB"
"1463","THCS_TanKieu","9","9A8","4","Sang","2","Âm nhạc","Nguyễn Anh Văn","Văn.NA"
"1464","THCS_TanKieu","9","9A8","4","Sang","3","Mỹ thuật","Trần Thị Mỹ Quốc","Quốc.TTM"
"1465","THCS_TanKieu","9","9A8","4","Sang","4","Toán học","Nguyễn Thành Tín","Tín.NT"
"1466","THCS_TanKieu","9","9A8","4","Sang","5","Toán học","Nguyễn Thành Tín","Tín.NT"
"1467","THCS_TanKieu","9","9A8","5","Sang","1","Ngữ văn","Trần Thị Kim Loan","Loan.TTK"
"1468","THCS_TanKieu","9","9A8","5","Sang","2","Ngữ văn","Trần Thị Kim Loan","Loan.TTK"
"1469","THCS_TanKieu","9","9A8","5","Sang","3","Giáo dục công dân","Nguyễn Mỹ Ngân","Ngân.NM"
"1470","THCS_TanKieu","9","9A8","5","Sang","4","Tiếng Anh","Lê Bá Tuấn","Tuấn.LB"
"1471","THCS_TanKieu","9","9A8","5","Sang","5","Tiếng Anh","Lê Bá Tuấn","Tuấn.LB"
"1472","THCS_TanKieu","9","9A8","6","Sang","1","Giáo dục thể chất","Lê Văn Chính","Chính.LV"
"1473","THCS_TanKieu","9","9A8","6","Sang","2","Giáo dục thể chất","Lê Văn Chính","Chính.LV"
"1474","THCS_TanKieu","9","9A8","6","Sang","3","Lịch sử và Địa lí","Châu Thị Kim Hà","Hà.CTK"
"1475","THCS_TanKieu","9","9A8","6","Sang","4","Khoa học tự nhiên","Nguyễn Thị Bích Phượng","Phượng.NTB"
"1476","THCS_TanKieu","9","9A8","6","Sang","5","Khoa học tự nhiên","Nguyễn Thị Bích Phượng","Phượng.NTB"
"1477","THCS_TanKieu","9","9A8","7","Sang","1","Toán học","Nguyễn Thành Tín","Tín.NT"
"1478","THCS_TanKieu","9","9A8","7","Sang","2","HĐTNHN (Chuyên đề)","Trần Kim Phương","Phương.TK"
"1479","THCS_TanKieu","9","9A8","7","Sang","3","HĐTNHN (Quy mô lớp)","Nguyễn Thành Tín","Tín.NT"
"1480","THCS_TanKieu","9","9A8","7","Sang","4","Sinh hoạt lớp","Nguyễn Thành Tín","Tín.NT"
"1481","THCS_TanKieu","9","9A9","2","Sang","1","Chào cờ","Lê Bá Tuấn","Tuấn.LB"
"1482","THCS_TanKieu","9","9A9","2","Sang","2","Ngữ văn","Trần Thị Kim Loan","Loan.TTK"
"1483","THCS_TanKieu","9","9A9","2","Sang","3","Ngữ văn","Trần Thị Kim Loan","Loan.TTK"
"1484","THCS_TanKieu","9","9A9","2","Sang","4","Tiếng Anh","Lê Bá Tuấn","Tuấn.LB"
"1485","THCS_TanKieu","9","9A9","2","Sang","5","Tiếng Anh","Lê Bá Tuấn","Tuấn.LB"
"1486","THCS_TanKieu","9","9A9","3","Sang","1","Khoa học tự nhiên","Nguyễn Thị Bích Phượng","Phượng.NTB"
"1487","THCS_TanKieu","9","9A9","3","Sang","2","Khoa học tự nhiên","Nguyễn Thị Bích Phượng","Phượng.NTB"
"1488","THCS_TanKieu","9","9A9","3","Sang","3","Giáo dục công dân","Nguyễn Mỹ Ngân","Ngân.NM"
"1489","THCS_TanKieu","9","9A9","3","Sang","4","Giáo dục thể chất","Lê Văn Chính","Chính.LV"
"1490","THCS_TanKieu","9","9A9","3","Sang","5","Giáo dục thể chất","Lê Văn Chính","Chính.LV"
"1491","THCS_TanKieu","9","9A9","4","Sang","1","Âm nhạc","Nguyễn Anh Văn","Văn.NA"
"1492","THCS_TanKieu","9","9A9","4","Sang","2","Mỹ thuật","Trần Thị Mỹ Quốc","Quốc.TTM"
"1493","THCS_TanKieu","9","9A9","4","Sang","3","Lịch sử và Địa lí","Châu Thị Kim Hà","Hà.CTK"
"1494","THCS_TanKieu","9","9A9","4","Sang","4","Khoa học tự nhiên","Nguyễn Thị Bích Phượng","Phượng.NTB"
"1495","THCS_TanKieu","9","9A9","4","Sang","5","Khoa học tự nhiên","Nguyễn Thị Bích Phượng","Phượng.NTB"
"1496","THCS_TanKieu","9","9A9","5","Sang","1","Toán học","Lê Văn Toàn","Toàn.LV"
"1497","THCS_TanKieu","9","9A9","5","Sang","2","Toán học","Lê Văn Toàn","Toàn.LV"
"1498","THCS_TanKieu","9","9A9","5","Sang","3","Tiếng Anh","Lê Bá Tuấn","Tuấn.LB"
"1499","THCS_TanKieu","9","9A9","5","Sang","4","Tin học","Lê Phước Hậu","Hậu.LP"
"1500","THCS_TanKieu","9","9A9","5","Sang","5","Công nghệ","Nguyễn Thị Ngọc Diễm","Diễm.NTN"
"1501","THCS_TanKieu","9","9A9","6","Sang","1","Lịch sử và Địa lí","Châu Thị Kim Hà","Hà.CTK"
"1502","THCS_TanKieu","9","9A9","6","Sang","2","Lịch sử và Địa lí","Châu Thị Kim Hà","Hà.CTK"
"1503","THCS_TanKieu","9","9A9","6","Sang","3","Toán học","Lê Văn Toàn","Toàn.LV"
"1504","THCS_TanKieu","9","9A9","6","Sang","4","Toán học","Lê Văn Toàn","Toàn.LV"
"1505","THCS_TanKieu","9","9A9","6","Sang","5","Ngữ văn","Trần Thị Kim Loan","Loan.TTK"
"1506","THCS_TanKieu","9","9A9","7","Sang","1","Ngữ văn","Trần Thị Kim Loan","Loan.TTK"
"1507","THCS_TanKieu","9","9A9","7","Sang","2","HĐTNHN (Chuyên đề)","Trần Kim Phương","Phương.TK"
"1508","THCS_TanKieu","9","9A9","7","Sang","3","HĐTNHN (Quy mô lớp)","Lê Bá Tuấn","Tuấn.LB"
"1509","THCS_TanKieu","9","9A9","7","Sang","4","Sinh hoạt lớp","Lê Bá Tuấn","Tuấn.LB"
"1510","THCS_DocBinhKieu","HoiDong","HoiDong","5","Chieu","3","Họp Hội Đồng","Toàn thể GV","HĐ"
"1511","THCS_DocBinhKieu","HoiDong","HoiDong","5","Chieu","4","Họp Hội Đồng","Toàn thể GV","HĐ"
"1512","THCS_DocBinhKieu","HoiDong","HoiDong","5","Chieu","5","Họp Hội Đồng","Toàn thể GV","HĐ"
"1513","THCS_DocBinhKieu","CM_Toan","CM_Toan","5","Chieu","3","Sinh hoạt CM","Tổ Toán","SHCM"
"1514","THCS_DocBinhKieu","CM_Toan","CM_Toan","5","Chieu","4","Sinh hoạt CM","Tổ Toán","SHCM"
"1515","THCS_DocBinhKieu","CM_Van","CM_Van","5","Chieu","3","Sinh hoạt CM","Tổ Văn","SHCM"
"1516","THCS_DocBinhKieu","CM_Van","CM_Van","5","Chieu","4","Sinh hoạt CM","Tổ Văn","SHCM"
"1517","THCS_DocBinhKieu","CM_Anh","CM_Anh","5","Chieu","3","Sinh hoạt CM","Tổ Anh","SHCM"
"1518","THCS_DocBinhKieu","CM_Anh","CM_Anh","5","Chieu","4","Sinh hoạt CM","Tổ Anh","SHCM"
"1519","THCS_DocBinhKieu","CM_KHTN","CM_KHTN","5","Chieu","3","Sinh hoạt CM","Tổ KHTN","SHCM"
"1520","THCS_DocBinhKieu","CM_KHTN","CM_KHTN","5","Chieu","4","Sinh hoạt CM","Tổ KHTN","SHCM"
"1521","THCS_DocBinhKieu","CM_KHXH","CM_KHXH","5","Chieu","3","Sinh hoạt CM","Tổ KHXH","SHCM"
"1522","THCS_DocBinhKieu","CM_KHXH","CM_KHXH","5","Chieu","4","Sinh hoạt CM","Tổ KHXH","SHCM"
"1523","THCS_DocBinhKieu","CM_SuDiaGDCD","CM_SuDiaGDCD","5","Chieu","3","Sinh hoạt CM","Tổ Sử Địa GDCD","SHCM"
"1524","THCS_DocBinhKieu","CM_SuDiaGDCD","CM_SuDiaGDCD","5","Chieu","4","Sinh hoạt CM","Tổ Sử Địa GDCD","SHCM"
"1525","THCS_DocBinhKieu","CM_TinCN","CM_TinCN","5","Chieu","3","Sinh hoạt CM","Tổ Tin - CN","SHCM"
"1526","THCS_DocBinhKieu","CM_TinCN","CM_TinCN","5","Chieu","4","Sinh hoạt CM","Tổ Tin - CN","SHCM"
"1527","THCS_DocBinhKieu","CM_NKTD","CM_NKTD","5","Chieu","3","Sinh hoạt CM","Tổ Năng khiếu - TD","SHCM"
"1528","THCS_DocBinhKieu","CM_NKTD","CM_NKTD","5","Chieu","4","Sinh hoạt CM","Tổ Năng khiếu - TD","SHCM"
